-- MySQL dump 10.13  Distrib 5.7.18, for Win64 (x86_64)
--
-- Host: localhost    Database: laundry_schema
-- ------------------------------------------------------
-- Server version	5.7.18-log

/*!40101 SET @OLD_CHARACTER_SET_CLIENT=@@CHARACTER_SET_CLIENT */;
/*!40101 SET @OLD_CHARACTER_SET_RESULTS=@@CHARACTER_SET_RESULTS */;
/*!40101 SET @OLD_COLLATION_CONNECTION=@@COLLATION_CONNECTION */;
/*!40101 SET NAMES utf8 */;
/*!40103 SET @OLD_TIME_ZONE=@@TIME_ZONE */;
/*!40103 SET TIME_ZONE='+00:00' */;
/*!40014 SET @OLD_UNIQUE_CHECKS=@@UNIQUE_CHECKS, UNIQUE_CHECKS=0 */;
/*!40014 SET @OLD_FOREIGN_KEY_CHECKS=@@FOREIGN_KEY_CHECKS, FOREIGN_KEY_CHECKS=0 */;
/*!40101 SET @OLD_SQL_MODE=@@SQL_MODE, SQL_MODE='NO_AUTO_VALUE_ON_ZERO' */;
/*!40111 SET @OLD_SQL_NOTES=@@SQL_NOTES, SQL_NOTES=0 */;

--
-- Current Database: `laundry_schema`
--

/*!40000 DROP DATABASE IF EXISTS `laundry_schema`*/;

CREATE DATABASE /*!32312 IF NOT EXISTS*/ `laundry_schema` /*!40100 DEFAULT CHARACTER SET utf8mb4 */;

USE `laundry_schema`;

--
-- Table structure for table `bank_transfer`
--

DROP TABLE IF EXISTS `bank_transfer`;
/*!40101 SET @saved_cs_client     = @@character_set_client */;
/*!40101 SET character_set_client = utf8 */;
CREATE TABLE `bank_transfer` (
  `transfer_id` int(11) NOT NULL AUTO_INCREMENT,
  `transfer_desc` varchar(200) DEFAULT NULL,
  `transfer_value` double DEFAULT NULL,
  `transfer_date` datetime DEFAULT NULL,
  PRIMARY KEY (`transfer_id`)
) ENGINE=InnoDB DEFAULT CHARSET=utf8;
/*!40101 SET character_set_client = @saved_cs_client */;

--
-- Dumping data for table `bank_transfer`
--

LOCK TABLES `bank_transfer` WRITE;
/*!40000 ALTER TABLE `bank_transfer` DISABLE KEYS */;
/*!40000 ALTER TABLE `bank_transfer` ENABLE KEYS */;
UNLOCK TABLES;

--
-- Table structure for table `bill_closes_types`
--

DROP TABLE IF EXISTS `bill_closes_types`;
/*!40101 SET @saved_cs_client     = @@character_set_client */;
/*!40101 SET character_set_client = utf8 */;
CREATE TABLE `bill_closes_types` (
  `bill_no` bigint(20) DEFAULT NULL,
  `io_types_operation_id` int(11) DEFAULT NULL,
  `type_count` int(11) DEFAULT NULL,
  `type_total_cost` double DEFAULT NULL,
  `bill_closes_type_id` int(11) NOT NULL AUTO_INCREMENT,
  `type_ghotra` int(11) DEFAULT NULL,
  `type_num` int(11) DEFAULT NULL,
  PRIMARY KEY (`bill_closes_type_id`),
  KEY `bills_forign_idx` (`bill_no`),
  KEY `io_types_operation_id_forign_idx` (`io_types_operation_id`),
  CONSTRAINT `bills_forign` FOREIGN KEY (`bill_no`) REFERENCES `bills` (`bill_no`) ON DELETE CASCADE ON UPDATE NO ACTION,
  CONSTRAINT `io_types_operation_id_forign` FOREIGN KEY (`io_types_operation_id`) REFERENCES `io_types_operation` (`io_types_operation_id`) ON DELETE NO ACTION ON UPDATE NO ACTION
) ENGINE=InnoDB AUTO_INCREMENT=3 DEFAULT CHARSET=utf8 COMMENT='The bill for types of closes costs';
/*!40101 SET character_set_client = @saved_cs_client */;

--
-- Dumping data for table `bill_closes_types`
--

LOCK TABLES `bill_closes_types` WRITE;
/*!40000 ALTER TABLE `bill_closes_types` DISABLE KEYS */;
INSERT INTO `bill_closes_types` VALUES (1,305,1,15,1,NULL,1),(2,304,1,10,2,NULL,1);
/*!40000 ALTER TABLE `bill_closes_types` ENABLE KEYS */;
UNLOCK TABLES;

--
-- Table structure for table `bills`
--

DROP TABLE IF EXISTS `bills`;
/*!40101 SET @saved_cs_client     = @@character_set_client */;
/*!40101 SET character_set_client = utf8 */;
CREATE TABLE `bills` (
  `bill_no` bigint(20) NOT NULL AUTO_INCREMENT,
  `username` varchar(50) DEFAULT NULL,
  `cust_id` bigint(20) DEFAULT NULL,
  `Cust_type_id` int(11) DEFAULT NULL,
  `bill_sum` double DEFAULT NULL COMMENT 'Tha actual sum for the bill',
  `bill_discount` double DEFAULT '0',
  `bill_total` double DEFAULT NULL COMMENT 'The summation after discount',
  `bill_date` datetime DEFAULT NULL,
  `bill_is_paid` tinyint(1) DEFAULT '0',
  `bill_comment` varchar(500) DEFAULT NULL,
  `operation_id` int(11) DEFAULT NULL,
  `bill_paid_date` datetime DEFAULT NULL,
  `bill_partial_paid_date` datetime DEFAULT NULL COMMENT 'آخر دفعة جزئية؛ يُفرغ عند السداد الكامل',
  `bill_extra` double DEFAULT '0',
  `bill_point_paid` double DEFAULT '0',
  `bill_polish` tinyint(1) DEFAULT NULL,
  `bill_nesha` int(11) DEFAULT NULL,
  `bill_nela` int(11) DEFAULT NULL,
  `bill_is_cleaned` tinyint(1) DEFAULT '0',
  `bill_is_delivered` tinyint(1) DEFAULT '0',
  `driver_id` bigint(20) DEFAULT NULL,
  `bill_general_discount` double DEFAULT NULL,
  `bill_special_discount` double DEFAULT NULL,
  `bill_is_partnership` tinyint(1) DEFAULT '0',
  `current_part_value` double DEFAULT NULL,
  `vat_part_value` double DEFAULT '0',
  `offer_value` double DEFAULT '0',
  `bill_cleaned_date` datetime DEFAULT NULL,
  `bill_delivery_date` datetime DEFAULT NULL,
  `payment_method` int(11) NOT NULL DEFAULT '1',
  `washer_id` int(11) DEFAULT NULL,
  `deposit_value` double NOT NULL DEFAULT '0',
  `deposit_remain_value` double NOT NULL DEFAULT '0',
  `is_urgent` tinyint(1) NOT NULL DEFAULT '0',
  `is_deleted` tinyint(1) NOT NULL DEFAULT '0',
  `delete_date` datetime DEFAULT NULL,
  `worker_id` bigint(20) DEFAULT NULL,
  `pieces_no` int(11) DEFAULT NULL,
  `delete_reason` varchar(200) DEFAULT NULL,
  `bill_notes` varchar(200) DEFAULT NULL,
  `bulk_id` bigint(20) DEFAULT NULL,
  `clothes_belt_no` bigint(20) DEFAULT NULL,
  `free_belt` tinyint(1) DEFAULT '0',
  `vat_strategy` tinyint(1) DEFAULT NULL,
  `returned` tinyint(1) DEFAULT NULL,
  `bil_is_ironed` tinyint(1) DEFAULT '0',
  `discount_percent` int(11) DEFAULT '0',
  `is_sent` tinyint(1) DEFAULT '0',
  `expected_date` datetime DEFAULT NULL,
  `paid_cash` double DEFAULT NULL,
  `paid_card` double DEFAULT NULL,
  `zatca_status` varchar(255) DEFAULT NULL,
  `zatca_status_description` longtext,
  `payment_method_zatca` int(11) DEFAULT NULL,
  PRIMARY KEY (`bill_no`),
  KEY `user_forign_idx` (`username`),
  KEY `bill_cust_forign_idx` (`cust_id`),
  KEY `operation_forign_idx` (`operation_id`),
  KEY `driver_forign_idx` (`driver_id`),
  KEY `bill_worker_foreign_idx` (`worker_id`),
  KEY `bulk_bill_foreign_idx` (`bulk_id`),
  KEY `cl_belt_idx` (`clothes_belt_no`),
  KEY `bill_cust_type_forign_idx` (`Cust_type_id`),
  KEY `idx_bills_isdeleted_billdate` (`is_deleted`,`bill_date`),
  KEY `idx_bills_isdeleted_billpaiddate` (`is_deleted`,`bill_paid_date`),
  KEY `idx_bills_notpaid_report` (`is_deleted`,`bill_is_paid`,`deposit_remain_value`,`bill_date`),
  KEY `idx_bills_custid_isdeleted_billno` (`cust_id`,`is_deleted`,`bill_no`),
  KEY `idx_bills_custid_notpaid_billno` (`cust_id`,`is_deleted`,`bill_is_paid`,`deposit_remain_value`,`bill_no`),
  KEY `idx_bills_custid_billdate` (`cust_id`,`is_deleted`,`bill_date`),
  KEY `idx_bills_custid_billpaiddate` (`cust_id`,`is_deleted`,`bill_paid_date`),
  KEY `idx_bills_paymentmethod_period` (`is_deleted`,`payment_method`,`bill_date`),
  KEY `idx_bills_paymentmethod_paid` (`is_deleted`,`payment_method`,`bill_is_paid`,`deposit_remain_value`),
  KEY `idx_bills_driver_period` (`is_deleted`,`driver_id`,`bill_date`),
  KEY `idx_bills_username_period` (`is_deleted`,`username`,`bill_date`),
  CONSTRAINT `bill_cust_forign` FOREIGN KEY (`cust_id`) REFERENCES `io_customers` (`cust_id`) ON DELETE NO ACTION ON UPDATE NO ACTION,
  CONSTRAINT `bill_cust_type_forign` FOREIGN KEY (`Cust_type_id`) REFERENCES `io_customers` (`Cust_type_id`) ON DELETE NO ACTION ON UPDATE NO ACTION,
  CONSTRAINT `bill_worker_foreign` FOREIGN KEY (`worker_id`) REFERENCES `io_workers` (`worker_id`) ON DELETE NO ACTION ON UPDATE NO ACTION,
  CONSTRAINT `bulk_bill_foreign` FOREIGN KEY (`bulk_id`) REFERENCES `bulk_bills` (`bulk_id`) ON DELETE SET NULL ON UPDATE NO ACTION,
  CONSTRAINT `driver_forign` FOREIGN KEY (`driver_id`) REFERENCES `io_drivers` (`driver_id`) ON DELETE NO ACTION ON UPDATE NO ACTION,
  CONSTRAINT `operation_forign` FOREIGN KEY (`operation_id`) REFERENCES `io_operations` (`operation_id`) ON DELETE NO ACTION ON UPDATE NO ACTION,
  CONSTRAINT `user_forign` FOREIGN KEY (`username`) REFERENCES `io_users` (`username`) ON DELETE NO ACTION ON UPDATE NO ACTION
) ENGINE=InnoDB AUTO_INCREMENT=3 DEFAULT CHARSET=utf8 COMMENT='The bill for customer';
/*!40101 SET character_set_client = @saved_cs_client */;

--
-- Dumping data for table `bills`
--

LOCK TABLES `bills` WRITE;
/*!40000 ALTER TABLE `bills` DISABLE KEYS */;
INSERT INTO `bills` VALUES (1,'superAdmin',-1,1,13.04,0,15,'2026-06-12 15:20:43',0,NULL,NULL,NULL,NULL,0,NULL,0,NULL,NULL,0,0,NULL,0,0,0,NULL,1.96,0,NULL,NULL,3,NULL,0,15,1,0,NULL,NULL,1,NULL,'',NULL,NULL,0,2,0,0,0,0,NULL,0,0,NULL,NULL,0),(2,'superAdmin',-1,1,8.7,0,10,'2026-06-12 15:30:32',0,NULL,NULL,NULL,NULL,0,NULL,0,NULL,NULL,0,0,NULL,0,0,0,NULL,1.3,0,NULL,NULL,3,NULL,0,10,0,0,NULL,NULL,1,NULL,'',NULL,NULL,0,2,0,0,0,0,NULL,0,0,'WARNING','{\"invoiceHash\":\"Ff4jz5O9qV8XZpVSDryFXI9F752p5dZzyIC4mcR2CG0=\",\"validationResults\":{\"warningMessages\":[{\"code\":\"BR-S-08\",\"type\":\"WARNING\",\"category\":\"EN_16931\",\"message\":\"[BR-S-08]-In a VAT breakdown (BG-23) where the VAT category code (BT-118) is \' Standard rated\' the VAT category taxable amount (BT-116) shall equal the sum of Invoice line net amounts (BT-131) minus the sum of Document level allowance amounts (BT-92) plus the sum of Document level charge amounts (BT-99) where the VAT category codes (BT-151, BT-95, BT-102) are \'Standard Rate\'.\",\"status\":\"WARNING\"},{\"code\":\"BR-CO-10\",\"type\":\"WARNING\",\"category\":\"EN_16931\",\"message\":\"Sum of Invoice line net amount (BT-106) \",\"status\":\"WARNING\"},{\"code\":\"BR-CO-13\",\"type\":\"WARNING\",\"category\":\"EN_16931\",\"message\":\"Invoice total amount without VAT (BT-109) = S Invoice line net amount (BT-131) - Sum of allowances on document level (BT-107) + Sum of charges on document level (BT-108).\",\"status\":\"WARNING\"},{\"code\":\"BR-CO-16\",\"type\":\"WARNING\",\"category\":\"EN_16931\",\"message\":\"Amount due for payment (BT-115) = Invoice total amount with VAT (BT-112) -Pre-Paid amount (BT-113) + Rounding amount (BT-114).\",\"status\":\"WARNING\"},{\"code\":\"BR-KSA-F-08\",\"type\":\"WARNING\",\"category\":\"KSA\",\"message\":\"[BR-KSA-F-08] - The value provided in Other Seller ID (BT-29) or Other Buyer ID (BT-46) for the scheme ID \'CRN\' appears to be incorrect. Please recheck the value to avoid non-compliance.\",\"status\":\"WARNING\"},{\"code\":\"BR-KSA-F-13\",\"type\":\"WARNING\",\"category\":\"KSA\",\"message\":\"[BR-KSA-F-13] - Please recheck Other Seller/Buyer ID (BT-29 or BT-46) as it contains an invalid value.\",\"status\":\"WARNING\"},{\"code\":\"BR-KSA-51\",\"type\":\"WARNING\",\"category\":\"KSA\",\"message\":\"The line amount with VAT (KSA-12) must be Invoice line net amount (BT-131) + Line VAT amount (KSA-11).\",\"status\":\"WARNING\"},{\"code\":\"BR-KSA-EN16931-11\",\"type\":\"WARNING\",\"category\":\"KSA\",\"message\":\"Invoice line net amount (BT-131) must equal (Invoiced quantity (BT-129) * (Item net price (BT-146) / item price base quantity (BT-149))) + Sum of invoice line charge amount (BT-141) - Sum of invoice line allowance amount (BT-136)\",\"status\":\"WARNING\"}],\"errorMessages\":[],\"infoMessages\":[{\"code\":\"XSD_ZATCA_VALID\",\"type\":\"INFO\",\"category\":\"XSD validation\",\"message\":\"Complied with UBL 2.1 standards in line with ZATCA specifications\",\"status\":\"PASS\"}],\"status\":\"WARNING\"},\"reportingStatus\":\"REPORTED\"}',0);
/*!40000 ALTER TABLE `bills` ENABLE KEYS */;
UNLOCK TABLES;

--
-- Table structure for table `bulk_bills`
--

DROP TABLE IF EXISTS `bulk_bills`;
/*!40101 SET @saved_cs_client     = @@character_set_client */;
/*!40101 SET character_set_client = utf8 */;
CREATE TABLE `bulk_bills` (
  `bulk_id` bigint(20) NOT NULL AUTO_INCREMENT,
  `bill_sum` double DEFAULT NULL,
  `bill_discount` double DEFAULT NULL,
  `bill_extra` double DEFAULT NULL,
  `bill_vat` double DEFAULT NULL,
  `bill_total` double DEFAULT NULL,
  `bill_date` datetime NOT NULL,
  `username` varchar(45) DEFAULT NULL,
  `Cust_type_id` int(11) DEFAULT NULL,
  `bulkBill_discountPercent` int(11) DEFAULT '0',
  `cust_id` int(11) DEFAULT NULL,
  `is_tax_included` tinyint(1) DEFAULT '0',
  `is_pay_vat_for_customer` tinyint(1) DEFAULT '0',
  PRIMARY KEY (`bulk_id`),
  UNIQUE KEY `bulk_id_UNIQUE` (`bulk_id`)
) ENGINE=InnoDB DEFAULT CHARSET=utf8;
/*!40101 SET character_set_client = @saved_cs_client */;

--
-- Dumping data for table `bulk_bills`
--

LOCK TABLES `bulk_bills` WRITE;
/*!40000 ALTER TABLE `bulk_bills` DISABLE KEYS */;
/*!40000 ALTER TABLE `bulk_bills` ENABLE KEYS */;
UNLOCK TABLES;

--
-- Table structure for table `burchases`
--

DROP TABLE IF EXISTS `burchases`;
/*!40101 SET @saved_cs_client     = @@character_set_client */;
/*!40101 SET character_set_client = utf8 */;
CREATE TABLE `burchases` (
  `purchase_id` bigint(20) NOT NULL AUTO_INCREMENT,
  `purchase_date` datetime DEFAULT NULL,
  `purchase_value` double DEFAULT NULL,
  `purchase_name` varchar(200) DEFAULT NULL,
  `is_vat_added` tinyint(1) DEFAULT '0',
  `vat_value` double DEFAULT NULL,
  PRIMARY KEY (`purchase_id`)
) ENGINE=InnoDB AUTO_INCREMENT=1859 DEFAULT CHARSET=utf8;
/*!40101 SET character_set_client = @saved_cs_client */;

--
-- Dumping data for table `burchases`
--

LOCK TABLES `burchases` WRITE;
/*!40000 ALTER TABLE `burchases` DISABLE KEYS */;
INSERT INTO `burchases` VALUES (77,'2018-01-17 11:21:23',40,'وايت مياه',0,NULL),(94,'2018-01-18 22:29:30',15,'فلاش',0,NULL),(95,'2018-01-18 22:29:53',17,'محبس للغساله',0,NULL),(96,'2018-01-18 22:30:05',8,'فيري',0,NULL),(97,'2018-01-19 23:00:46',40,'وايت مياه',0,NULL),(98,'2018-01-19 23:01:46',600,'حساب عامل البلاعه',0,NULL),(100,'2018-01-20 13:49:48',40,'وايت مياه',0,NULL),(101,'2018-01-21 09:17:37',20,'وايت مياه',0,NULL),(102,'2018-01-21 20:19:22',20,'وايت مياه',0,NULL),(103,'2018-01-21 20:21:51',40,'وايت مياه',0,NULL),(104,'2018-01-21 20:27:16',96,'نشا كرتون',0,NULL),(105,'2018-01-21 20:29:06',40,'اسفج عادي',0,NULL),(106,'2018-01-21 20:34:05',70,'كلوركس',0,NULL),(107,'2018-01-21 20:39:13',200,'ديزل',0,NULL),(108,'2018-01-21 21:29:49',260,'كرتون علاقه ملابس',0,NULL),(109,'2018-01-21 21:32:06',5,'فرشه حق التنظيف',0,NULL),(110,'2018-01-22 13:32:38',50,'محمد غضنفر',0,NULL),(112,'2018-01-22 20:33:57',40,'وايت مياه',0,NULL),(113,'2018-01-22 22:33:06',50,'صيتانة الطفايه',0,NULL),(115,'2018-01-23 11:15:20',40,'وايت مياه',0,NULL),(116,'2018-01-23 21:36:56',50,'فيري',0,NULL),(117,'2018-01-23 21:37:33',20,'كيس بطانيه',0,NULL),(118,'2018-01-23 21:39:04',109,'اغراض شاهي البخار',0,NULL),(119,'2018-01-23 22:18:24',6,'مياه شرب',0,NULL),(120,'2018-01-23 23:09:18',37,'الشحنه',0,NULL),(121,'2018-01-24 18:32:59',200,'ديزل',0,NULL),(122,'2018-01-24 18:34:03',40,'وايت مياه',0,NULL),(123,'2018-01-24 21:32:28',20,'حق مشوار التكسي جاب الفاتوره',0,NULL),(124,'2018-01-24 21:34:48',100,'محمد اقبال',0,NULL),(125,'2018-01-25 20:52:17',3,'مياه شرب',0,NULL),(126,'2018-01-27 19:09:42',210,'ديزل',0,NULL),(128,'2018-01-27 19:17:27',55,'رول كاشير',0,NULL),(129,'2018-01-27 19:18:48',20,'كاندرا نيبال',0,NULL),(130,'2018-01-27 19:23:12',17,'Dettol',0,NULL),(131,'2018-01-27 19:25:25',15,'Dr.bemn',0,NULL),(132,'2018-01-27 21:43:30',10,'محمد غضنفر',0,NULL),(133,'2018-01-28 22:21:04',7,'مياه شرب',0,NULL),(134,'2018-01-28 22:25:44',15,'رول حراري',0,NULL),(135,'2018-01-28 22:26:18',93,'نشا كرتون',0,NULL),(136,'2018-01-28 22:27:06',90,'صودا ',0,NULL),(137,'2018-01-28 22:29:10',20,'نيله',0,NULL),(138,'2018-01-28 22:30:31',20,'THINNCNHAN',0,NULL),(139,'2018-01-28 22:44:17',50,'محمد غضنفر',0,NULL),(141,'2018-01-30 12:12:09',150,'3حبات كاشف زخان كهرباء تايواني ',0,NULL),(142,'2018-01-30 12:13:32',100,'2 حبات كاشف حراري تايواني',0,NULL),(143,'2018-01-30 12:18:19',550,'توريد كاشف دخان+كهربه+التركيب+صيانة لوحة الانذار+2خط',0,NULL),(144,'2018-01-30 12:19:57',20,'تينر',0,NULL),(145,'2018-01-30 12:20:29',84,'2لفه رول ثوب',0,NULL),(146,'2018-01-30 18:05:35',210,'ديزل',0,NULL),(147,'2018-01-31 11:24:17',562,'تسديد شركة الكهربه',0,NULL),(148,'2018-01-31 20:33:25',40,'وايت مياه',0,NULL),(149,'2018-01-31 20:34:39',50,'محمد اقبال',0,NULL),(150,'2018-02-03 09:48:22',24,'كيس نايلو ',0,NULL),(151,'2018-02-03 09:49:16',115,'نشا كرتون',0,NULL),(152,'2018-02-03 09:50:12',180,'كيس توب',0,NULL),(153,'2018-02-03 09:51:23',90,'كيس شماغ',0,NULL),(154,'2018-02-03 09:52:04',165,'كرتون علاقه ملابس',0,NULL),(155,'2018-02-03 18:49:45',210,'ديزل',0,NULL),(156,'2018-02-04 18:41:36',65,'C0lcrar',0,NULL),(157,'2018-02-04 18:43:06',75,'Keemavi abu',0,NULL),(158,'2018-02-04 18:43:31',30,'kees',0,NULL),(159,'2018-02-04 18:44:48',6,'kclam',0,NULL),(160,'2018-02-04 18:45:14',7,'مياه شرب',0,NULL),(161,'2018-02-04 21:01:16',50,'خورشيد',0,NULL),(162,'2018-02-06 23:01:21',16,' 4 Tea cup',0,NULL),(164,'2018-02-07 09:44:54',109,'كاسات شاهي+شكر',0,NULL),(165,'2018-02-07 09:45:31',50,'شاهي',0,NULL),(166,'2018-02-07 20:45:38',320,'ديزل',0,NULL),(167,'2018-02-09 18:40:12',50,'محمد اقبال',0,NULL),(168,'2018-02-09 18:40:24',50,'خورشيد',0,NULL),(169,'2018-02-09 18:41:31',38,'رول كاشير',0,NULL),(170,'2018-02-10 22:14:40',250,'Humges',0,NULL),(171,'2018-02-10 22:16:07',80,'Roolsafaf',0,NULL),(172,'2018-02-10 22:16:50',65,'Colarco',0,NULL),(173,'2018-02-10 22:17:32',75,'Keemuvi',0,NULL),(174,'2018-02-10 22:18:07',20,'tenws',0,NULL),(175,'2018-02-10 22:19:16',60,'kees',0,NULL),(176,'2018-02-10 22:19:50',21,'daej',0,NULL),(177,'2018-02-11 18:36:08',210,'ديزل',0,NULL),(178,'2018-02-12 12:17:38',18,'مياه شرب',0,NULL),(179,'2018-02-13 23:15:20',20,'وايت مياه',0,NULL),(180,'2018-02-13 23:15:34',20,'خورشيد',0,NULL),(181,'2018-02-14 21:34:46',210,'ديزل',0,NULL),(182,'2018-02-14 23:21:55',40,'وايت مياه',0,NULL),(183,'2018-02-15 23:21:48',50,'محمد اقبال',0,NULL),(185,'2018-02-15 23:21:57',50,'خورشيد',0,NULL),(187,'2018-02-15 23:23:11',50,'احمد',0,NULL),(188,'2018-02-15 23:27:37',50,'كاندرا نيبال',0,NULL),(189,'2018-02-16 10:59:11',50,'محمد غضنفر',0,NULL),(190,'2018-02-17 22:48:45',260,'ltuasar ',0,NULL),(191,'2018-02-17 22:49:15',84,'Reol safaf',0,NULL),(192,'2018-02-17 22:49:41',40,'kees',0,NULL),(193,'2018-02-17 22:50:09',20,'tenar',0,NULL),(194,'2018-02-18 21:24:18',210,'ديزل',0,NULL),(195,'2018-02-18 21:24:31',18,'مياه شرب',0,NULL),(196,'2018-02-18 23:02:14',1008,'تسديد شركة الكهربه',0,NULL),(197,'2018-02-18 23:03:42',162,'تسديد شركة الكهربه',0,NULL),(198,'2018-02-20 22:31:30',58,'رول كاشير',0,NULL),(199,'2018-02-20 22:32:11',20,'زات سياره',0,NULL),(200,'2018-02-22 08:38:37',210,'ديزل',0,NULL),(201,'2018-02-22 19:02:30',68,'clorox',0,NULL),(202,'2018-02-23 18:57:06',50,'محمد اقبال',0,NULL),(203,'2018-02-23 18:57:19',50,'خورشيد',0,NULL),(204,'2018-02-25 11:21:17',120,'Reol safaf',0,NULL),(205,'2018-02-25 11:21:43',150,'Humges',0,NULL),(206,'2018-02-25 11:22:02',60,'kees',0,NULL),(207,'2018-02-25 11:22:37',75,'Keemuvi',0,NULL),(208,'2018-02-25 11:23:14',25,'Cflngin',0,NULL),(209,'2018-02-25 11:23:55',105,'Nashanruvo',0,NULL),(210,'2018-02-25 11:24:13',25,'Vat',0,NULL),(211,'2018-02-26 20:25:32',210,'ديزل',0,NULL),(212,'2018-02-26 21:00:59',420,'سكينه 200 رات',0,NULL),(213,'2018-02-26 21:02:34',200,'مهنده الكهربا',0,NULL),(214,'2018-03-03 17:54:30',210,'ديزل',0,NULL),(215,'2018-03-03 17:54:53',20,'وايت مياه',0,NULL),(216,'2018-03-06 18:43:45',250,'Humges',0,NULL),(217,'2018-03-06 18:44:07',65,'Colarco',0,NULL),(218,'2018-03-06 18:44:41',301,'Reol safaf',0,NULL),(219,'2018-03-06 18:45:01',60,'kees',0,NULL),(220,'2018-03-06 18:45:29',20,'tenar',0,NULL),(221,'2018-03-06 18:46:00',30,'زات سياره',0,NULL),(222,'2018-03-06 18:46:55',30,'DREEBW',0,NULL),(223,'2018-03-09 23:59:11',19,'مياه شرب',0,NULL),(224,'2018-03-10 00:00:19',30,'غلاف حائط',0,NULL),(225,'2018-03-11 23:21:22',40,'وايت مياه',0,NULL),(226,'2018-03-12 18:16:58',210,'ديزل',0,NULL),(227,'2018-03-15 11:02:23',250,'Humges',0,NULL),(228,'2018-03-15 11:03:09',90,'Keemuvi',0,NULL),(229,'2018-03-15 11:03:27',100,'kees',0,NULL),(230,'2018-03-15 11:03:50',4,'meer',0,NULL),(231,'2018-03-15 11:04:12',176,'Reol safaf',0,NULL),(232,'2018-03-15 11:04:12',176,'Reol safaf',0,NULL),(233,'2018-03-15 11:05:25',100,'Reeha madabes',0,NULL),(234,'2018-03-15 11:05:42',45,'Dal',0,NULL),(235,'2018-03-15 11:06:08',105,'Nashanruvo',0,NULL),(236,'2018-03-15 11:07:03',20,'Thiner',0,NULL),(237,'2018-03-15 11:10:00',400,'تسديد شركة الماء',0,NULL),(238,'2018-03-15 11:10:27',500,'شفط البلاعه',0,NULL),(239,'2018-03-16 23:48:46',210,'ديزل',0,NULL),(240,'2018-03-20 17:46:57',65,'Colarco',0,NULL),(241,'2018-03-26 21:29:00',100,'Nish mohi',0,NULL),(242,'2018-03-26 21:29:33',200,'Mikal aoul',0,NULL),(243,'2018-03-26 21:30:15',63,'Clme',0,NULL),(244,'2018-03-26 21:31:02',16,'No 16',0,NULL),(245,'2018-03-26 21:31:22',10,'No 12',0,NULL),(246,'2018-03-26 21:31:43',135,'No 24',0,NULL),(247,'2018-03-26 21:32:04',6,'Roco',0,NULL),(248,'2018-03-26 21:32:29',265,'Humges',0,NULL),(249,'2018-04-01 02:08:14',239,'تسديد شركة الكهربه',0,NULL),(250,'2018-04-01 02:08:53',1153,'تسديد شركة الكهربه',0,NULL),(251,'2018-04-03 09:42:22',20,'حار جالون فاتورة 1086',0,NULL),(252,'2018-04-03 09:47:47',9,'معالق بلاستك فاتورة 845',0,NULL),(253,'2018-04-03 21:27:28',210,'النسيم للمحروقات',0,NULL),(254,'2018-04-05 08:05:54',40,'مياه الاثير 94',0,NULL),(255,'2018-04-05 09:17:51',1056,'مؤسسة فهد مستلزمات الغسيل',0,NULL),(256,'2018-04-05 23:10:19',40,'مياه الاثير 95',0,NULL),(257,'2018-04-06 10:19:47',40,'مياه الاثير 096',0,NULL),(258,'2018-04-07 07:24:25',40,'مياه الاثير97',0,NULL),(259,'2018-04-07 17:19:22',210,'العبدلي للاجهزة',0,NULL),(260,'2018-04-08 00:39:51',40,'مياه الاثير92',0,NULL),(261,'2018-04-08 02:15:02',20,'محطة التوفيق',0,NULL),(262,'2018-04-08 21:52:45',210,'النسيم للمحروقات 216',0,NULL),(263,'2018-04-08 23:18:53',45,'السعودي العالمي 1875',0,NULL),(264,'2018-04-09 06:39:48',40,'مياه الاثير 100',0,NULL),(265,'2018-04-10 06:29:51',40,'مباه الاثير 102',0,NULL),(266,'2018-04-10 09:58:44',50,'محمصة الشاذليه 1899',0,NULL),(267,'2018-04-10 16:33:10',410,'النسيم للمحروقات 250',0,NULL),(268,'2018-04-10 16:56:46',104,'مؤسسة فهد مستلزمات الغسيل 231',0,NULL),(269,'2018-04-10 19:23:27',40,'مياه الاثير 104',0,NULL),(270,'2018-04-11 07:45:49',40,'مياه الاثير 105',0,NULL),(271,'2018-04-12 06:34:30',20,'محطة التوفيق 836',0,NULL),(272,'2018-04-12 06:45:51',40,'مياه الاثير 107',0,NULL),(273,'2018-04-13 08:35:06',40,'مياه الاثير 109',0,NULL),(274,'2018-04-14 09:34:58',40,'مياه الاثير',0,NULL),(275,'2018-04-14 16:03:44',4750,'مؤسسة فهد مستلزمات الغسيل',0,NULL),(276,'2018-04-15 10:01:29',40,'مياه الاثير',0,NULL),(277,'2018-04-15 22:28:13',40,'مياه الاثير',0,NULL),(278,'2018-04-16 07:53:28',40,'مياه الاثير',0,NULL),(279,'2018-04-17 11:54:45',315,'مؤسسة فهد مستلزمات الغسيل',0,NULL),(280,'2018-04-18 09:53:29',40,'مياه الاثير',0,NULL),(281,'2018-04-19 07:07:52',70,'مبيد حشرات',0,NULL),(282,'2018-04-19 07:08:59',500,'غسالة 8كيلو',0,NULL),(283,'2018-04-19 07:10:50',154,'سكر+كاسات+ملاعق شاي',0,NULL),(284,'2018-04-19 07:11:40',8,'ورق ملاحظات',0,NULL),(285,'2018-04-19 07:12:26',52,'رول حراري',0,NULL),(286,'2018-04-19 07:13:28',45,'لي مغسله 3حبه',0,NULL),(287,'2018-04-19 07:14:40',65,'بزبوز متحرك',0,NULL),(288,'2018-04-19 07:15:22',34,'ادوات سباكه ',0,NULL),(289,'2018-04-19 07:17:35',25,'شغل العامل ',0,NULL),(290,'2018-04-19 07:17:58',0,'مشوار دباب',0,NULL),(291,'2018-04-19 07:17:58',20,'مشوار دباب',0,NULL),(292,'2018-04-19 09:45:04',27,'جلد ابواب',0,NULL),(293,'2018-04-19 09:45:46',23,'لي مويه للغساله',0,NULL),(294,'2018-04-19 16:49:10',40,'مياه الاثير',0,NULL),(295,'2018-04-20 19:17:13',40,'مياه الاثير',0,NULL),(296,'2018-04-21 17:13:34',40,'مياه الاثير',0,NULL),(297,'2018-04-23 09:54:12',40,'مياه الاثير',0,NULL),(298,'2018-04-24 10:38:06',40,'مياه الاثير',0,NULL),(299,'2018-04-24 11:43:35',120,'ختم',0,NULL),(300,'2018-04-25 18:21:18',433,'موسسة قمة النسيم للمحلروقات',0,NULL),(301,'2018-04-25 22:53:40',40,'مياه الاثير',0,NULL),(302,'2018-04-26 19:24:50',40,'مياه الاثير',0,NULL),(303,'2018-04-27 08:30:16',40,'مياه الاثير',0,NULL),(304,'2018-04-27 08:35:03',50,'منظف جل مايسترو',0,NULL),(305,'2018-04-27 08:38:54',21,'للادوات الكهرباىية',0,NULL),(306,'2018-04-27 08:41:45',525,'ابناء محمد عثمان با موسي العمودي',0,NULL),(307,'2018-04-27 09:02:09',238,'جملة جدة ',0,NULL),(308,'2018-04-27 09:17:37',12,'قسم مبيعات مواد النظافة ولوازم المغاسل',0,NULL),(309,'2018-04-27 21:00:41',40,'مياه الاثير',0,NULL),(310,'2018-04-28 10:42:01',670,'مؤسسة فهد مستلزمات الغسيل',0,NULL),(311,'2018-04-28 19:18:44',40,'مياه الاثير',0,NULL),(312,'2018-04-29 21:33:12',40,'مياه الاثير',0,NULL),(313,'2018-04-30 19:07:59',40,'مياه الاثير',0,NULL),(314,'2018-05-05 11:44:42',637,'مؤسسة فهد مستلزمات الغسيل',0,NULL),(315,'2018-05-06 16:49:18',40,'مياه الاثير',0,NULL),(316,'2018-05-07 17:39:46',40,'مياه الاثير',0,NULL),(317,'2018-05-08 16:21:11',94,'مروحة مالزي حرار',0,NULL),(318,'2018-05-08 17:07:20',0,'',0,NULL),(319,'2018-05-08 17:07:44',40,'مياه الاثير',0,NULL),(320,'2018-05-10 07:39:54',40,'مياه الاثير',0,NULL),(321,'2018-05-10 10:53:43',374,'مؤسسة فهد مستلزمات الغسيل',0,NULL),(322,'2018-05-10 16:43:10',40,'مياه الاثير',0,NULL),(323,'2018-05-12 16:50:13',40,'مياه الاثير',0,NULL),(324,'2018-05-12 16:51:08',0,'موسسة قمة النسيم للمحلروقات',0,NULL),(325,'2018-05-12 16:52:08',350,'موسسة قمة النسيم للمحلروقات',0,NULL),(326,'2018-05-13 11:31:03',0,'مياه الاثير',0,NULL),(327,'2018-05-13 11:31:15',40,'مياه الاثير',0,NULL),(328,'2018-05-14 08:46:52',40,'مياه الاثير',0,NULL),(329,'2018-05-14 23:16:55',52,'رول كاشير',0,NULL),(330,'2018-05-15 09:28:33',40,'مياه الاثير',0,NULL),(331,'2018-05-15 16:17:40',290,'مؤسسة فهد مستلزمات الغسيل',0,NULL),(332,'2018-05-16 09:20:55',40,'مياه الاثير',0,NULL),(333,'2018-05-17 23:48:16',40,'مياه الاثير',0,NULL),(334,'2018-05-18 00:29:14',370,'مؤسسة فهد مستلزمات الغسيل',0,NULL),(335,'2018-05-18 23:06:41',40,'مياه الاثير',0,NULL),(336,'2018-05-19 00:04:38',67,'كاسات شاهي +شاهي',0,NULL),(337,'2018-05-19 23:45:50',0,'موسسة قمة النسيم للمحلروقات',0,NULL),(338,'2018-05-19 23:46:32',350,'موسسة قمة النسيم للمحلروقات',0,NULL),(339,'2018-05-20 00:01:07',40,'مياه الاثير',0,NULL),(340,'2018-05-21 10:21:31',0,'مياه الاثير',0,NULL),(449,'2018-07-14 21:41:23',40,'مياه الاثير  208',0,NULL),(473,'2018-07-20 18:14:52',47,'صابون ايريال 5 ك',0,NULL),(477,'2018-07-21 18:19:57',40,'مياه الاثير 216',0,NULL),(478,'2018-07-21 18:20:17',40,'مياه الاثير 217',0,NULL),(479,'2018-07-21 18:29:49',32,'العبدلي 27954',0,NULL),(481,'2018-07-22 10:18:16',225,'مؤسسة الثميري مواد غسيل 1386',0,NULL),(482,'2018-07-22 11:19:12',945,'راتب جندرا بعد الخصم شهر 6',0,NULL),(483,'2018-07-22 18:18:45',40,'مياه الاثير 218',0,NULL),(484,'2018-07-22 18:22:14',50,'تموينات لؤلؤة الشرق الاوسط 2404',0,NULL),(485,'2018-07-22 19:34:48',138,'مركز انس 176',0,NULL),(486,'2018-07-23 16:09:43',26,'الوكالة العالمية للكفرات 8792',0,NULL),(487,'2018-07-23 16:10:36',31,'مؤسسة صديق العمال 1380',0,NULL),(488,'2018-07-23 16:12:15',210,'مؤسسة ركن الجنوب 14458',0,NULL),(489,'2018-07-23 16:13:32',19,'شركة الخط المستقيم011039645',0,NULL),(490,'2018-07-23 16:15:19',24,'شركة الخط المستقيم 011039653',0,NULL),(491,'2018-07-23 18:19:54',6,'مركز انس 1339',0,NULL),(492,'2018-07-23 18:20:28',40,'مياه الاثير 219',0,NULL),(493,'2018-07-24 18:20:42',210,'مؤسسة الثميري 1493',0,NULL),(494,'2018-07-24 18:26:13',20,'محطة توفيق 8551',0,NULL),(495,'2018-07-24 18:45:59',40,'مياه الاثير220 ',0,NULL),(496,'2018-07-25 11:08:34',600,'سند قبض 196757',0,NULL),(497,'2018-07-25 16:07:19',1295,'كهرباء 36065',0,NULL),(498,'2018-07-25 16:07:54',388,'كهرباء 36225',0,NULL),(499,'2018-07-25 17:43:07',40,'مياه الاثير  221',0,NULL),(500,'2018-07-25 17:44:10',82,'مكتبة الهدي2  3048',0,NULL),(501,'2018-07-26 00:01:58',210,'قمة النسيم 929',0,NULL),(502,'2018-07-26 11:29:37',253,'مؤسسة الثميري 1613',0,NULL),(503,'2018-07-26 16:33:45',189,'مركز انس 195',0,NULL),(504,'2018-07-26 19:10:38',40,'مياه الاثير 222',0,NULL),(505,'2018-07-26 19:16:58',30,'قماش اسفنج للمكبس ',0,NULL),(506,'2018-07-26 19:22:58',150,'غسيل مكيف الغرفة ',0,NULL),(507,'2018-07-27 08:05:29',50,'مجموعة جبران لادوات السلامة 2123',0,NULL),(508,'2018-07-27 09:14:01',20,'محطة نورة للمحروقات 1713',0,NULL),(509,'2018-07-27 18:20:48',7500,'ايجار شهر 11 ه سند قبض 440',0,NULL),(510,'2018-07-27 19:34:49',40,'مياه الاثير 223',0,NULL),(511,'2018-07-28 17:40:16',40,'مياه الاثير 224',0,NULL),(512,'2018-07-28 17:47:06',210,'قمة النسيم 932',0,NULL),(513,'2018-07-28 21:12:00',176,'مؤسسة فهد حكمي 366',0,NULL),(514,'2018-07-29 18:15:45',40,'مياه الاثير  225',0,NULL),(515,'2018-07-30 08:31:48',137,'الاخضر للتسويق 20940',0,NULL),(516,'2018-07-30 08:34:55',2500,'راتب فائز حسن لشهر 7',0,NULL),(517,'2018-07-30 17:26:28',90,'مؤسسة الثميري 1975',0,NULL),(518,'2018-07-30 17:27:17',40,'مياه الاثير  226',0,NULL),(519,'2018-07-31 16:57:38',40,'مياه الاثير 227',0,NULL),(520,'2018-07-31 17:16:12',158,'فهد حكمي 382',0,NULL),(521,'2018-08-01 18:02:05',40,'مياه الاثير 228',0,NULL),(522,'2018-08-01 18:05:34',227,'نسبة فائز لشهر 7',0,NULL),(525,'2018-08-01 23:40:48',10,'محطة التوفيق 8818',0,NULL),(526,'2018-08-02 07:11:51',210,'قمة النسيم 944',0,NULL),(527,'2018-08-02 11:27:36',382,'كلين مارت 6012',0,NULL),(528,'2018-08-02 11:28:36',136,'مؤسسة فهد حكمي 398',0,NULL),(529,'2018-08-02 17:10:02',16,'رصيد سوا 715',0,NULL),(530,'2018-08-02 19:30:00',40,'مياه الاثير 229',0,NULL),(531,'2018-08-02 23:13:11',125,'العقيد منصور الطليقي تعويض ملابس ',0,NULL),(535,'2018-08-03 18:25:10',40,'مياه الاثير  230',0,NULL),(536,'2018-08-04 18:15:10',40,'مياه الاثير  231',0,NULL),(537,'2018-08-04 22:49:40',1300,'راتب كوكو شهر 7',0,NULL),(538,'2018-08-05 11:58:37',20,'محطة فارس 3421',0,NULL),(539,'2018-08-05 11:59:20',53,'الثميري 2363',0,NULL),(540,'2018-08-05 17:38:08',15,'العبدلي 29841',0,NULL),(541,'2018-08-05 18:21:44',40,'مياه الاثير لا232',0,NULL),(542,'2018-08-06 07:42:50',137,'الاخضر للتسوق 803939',0,NULL),(543,'2018-08-06 18:02:53',100,'مياه الاثير 233',0,NULL),(544,'2018-08-06 20:03:22',2850,'سند قبض الفيفي 196767',0,NULL),(545,'2018-08-06 20:04:19',1000,'سند قبض بصمة السلطان 196768',0,NULL),(546,'2018-08-06 21:57:06',60,'تعويض ملابس جاخلية لعيضة',0,NULL),(547,'2018-08-07 08:48:10',20,'تموينات جازان 130',0,NULL),(548,'2018-08-07 10:51:02',26,'مكتبة الهدي 5853',0,NULL),(549,'2018-08-07 19:54:59',893,'مركز العاصمة الرئيسي 296',0,NULL),(550,'2018-08-07 19:56:16',12,'شركة الخط المستقيم 099995',0,NULL),(551,'2018-08-07 20:06:34',210,'مؤسسة مبارك سلامة 11598',0,NULL),(552,'2018-08-07 20:09:23',50,'مياه الاثير 234',0,NULL),(553,'2018-08-07 21:49:03',200,'مؤسسة الثميري 2560',0,NULL),(554,'2018-08-07 21:53:06',130,'مصنعية سباك تركيب دينمو واوتوماتك',0,NULL),(555,'2018-08-07 22:17:13',210,'مؤسسة قمة النسيم 1104',0,NULL),(556,'2018-08-08 09:58:56',9,'مركز انس 232',0,NULL),(557,'2018-08-08 09:59:32',20,'محطة التوفيق 8966',0,NULL),(558,'2018-08-08 10:01:24',50,'مياه الاثير 235',0,NULL),(559,'2018-08-08 10:03:20',405,'مؤسسة مقبول التجارية6528',0,NULL),(560,'2018-08-08 23:53:53',746,'سند قبض الفيفي 196769',0,NULL),(561,'2018-08-09 11:32:34',6,'موية شاي وشراب 701',0,NULL),(563,'2018-08-14 23:58:43',3,'مياه الاثير703',0,NULL),(565,'2018-08-15 23:55:15',6,'مياه الاثير706',0,NULL),(567,'2018-08-18 23:54:31',3,'مياه الاثير705',0,NULL),(568,'2018-08-19 17:16:49',6,'مياه الاثير706',0,NULL),(569,'2018-08-24 23:46:40',6,'مياه الاثير',0,NULL),(570,'2018-08-25 16:06:26',10,'مياه الاثير 707',0,NULL),(571,'2018-08-27 23:50:37',20,'مواصلات محمد ',0,NULL),(572,'2018-08-27 23:51:38',3,'مياه الاثير708',0,NULL),(573,'2018-08-28 23:41:35',6,'مياه الاثير',0,NULL),(574,'2018-09-01 23:58:37',10,'مياه الاثير710',0,NULL),(575,'2018-09-03 16:13:26',3,'مياه الاثير711',0,NULL),(576,'2018-09-04 11:21:29',6,'مياه الاثير713',0,NULL),(577,'2018-09-07 22:48:47',7,'مياه الاثير',0,NULL),(578,'2018-09-07 22:49:57',10,'عمل اضافي كوكان',0,NULL),(579,'2018-09-09 08:54:22',6,'مياه الاثير713',0,NULL),(580,'2018-09-11 10:19:38',6,'مياه الاثير714',0,NULL),(581,'2018-09-15 11:49:46',3,'مياه الاثير715',0,NULL),(582,'2018-09-15 11:50:13',6,'مياه الاثير716',0,NULL),(583,'2018-09-17 23:59:57',6,'مياه الاثير717',0,NULL),(584,'2018-09-20 09:33:35',6,'مياه الاثير 718',0,NULL),(585,'2018-09-22 17:57:56',6,'مياه الاثير 719',0,NULL),(586,'2018-09-25 08:22:18',6,'مياه الاثير 720',0,NULL),(587,'2018-09-26 08:14:02',6,'مياه الاثير 721',0,NULL),(588,'2018-09-28 17:24:19',7,'مياه الاثير',0,NULL),(589,'2018-09-29 12:00:42',6,'مياه الاثير722',0,NULL),(590,'2018-10-01 09:45:51',6,'مياه الاثير 723',0,NULL),(591,'2018-10-02 18:26:10',6,'مياه الاثير 724',0,NULL),(592,'2018-10-03 20:23:58',6,'مياه الاثير 726',0,NULL),(593,'2018-10-06 09:13:12',6,'مياه الاثير 725',0,NULL),(594,'2018-10-07 09:50:02',6,'مياه الاثير 727',0,NULL),(595,'2018-10-10 16:19:29',6,'مياه الاثير 729',0,NULL),(596,'2018-10-11 11:21:14',6,'مياه الاثير 730',0,NULL),(597,'2018-10-13 09:59:26',6,'مياه الاثير 731',0,NULL),(598,'2018-10-14 11:09:46',6,'مياه الاثير 732',0,NULL),(599,'2018-10-17 09:14:08',6,'مياه الاثير 733',0,NULL),(600,'2018-10-17 09:14:40',6,'مياه الاثير734',0,NULL),(601,'2018-10-20 09:38:36',12,'مياه الاثير',0,NULL),(602,'2018-10-22 09:45:27',6,'مياه الاثير 736',0,NULL),(603,'2018-10-22 09:45:48',6,'مياه الاثير 735',0,NULL),(604,'2018-10-23 19:58:48',6,'مياه الاثير 737',0,NULL),(605,'2018-10-25 10:45:00',6,'مياه الاثير 738',0,NULL),(606,'2018-10-27 10:39:42',6,'مياه الاثير 739',0,NULL),(607,'2018-10-29 10:46:48',6,'مياه الاثير 741',0,NULL),(608,'2018-10-30 18:53:53',6,'مياه الاثير 742',0,NULL),(609,'2018-10-31 11:55:26',6,'مياه الاثير 743',0,NULL),(610,'2018-11-01 20:38:18',6,'مياه الاثير 745',0,NULL),(611,'2018-11-05 10:24:23',6,'مياه الاثير 914',0,NULL),(612,'2018-11-08 23:58:30',14,'مياه الاثير',0,NULL),(613,'2018-11-10 23:26:05',6,'مياه الاثير 915',0,NULL),(614,'2018-11-10 23:26:32',6,'مياه الاثير 749',0,NULL),(615,'2018-11-11 20:35:45',6,'مياه الاثير 917',0,NULL),(616,'2022-01-02 11:32:49',0,'',1,0),(617,'2022-01-02 11:34:37',0,'              ',0,0),(618,'2022-01-02 11:34:49',0,'',0,0),(619,'2022-01-02 11:35:50',0,'   كمفورت منعم              ',0,0),(620,'2022-04-03 02:12:02',70,'بنزين',0,0),(621,'2022-04-03 02:12:50',80.5,'شحن الجوال',0,0),(622,'2022-04-03 02:13:59',318,'رول مغاسل',0,0),(623,'2022-04-03 02:14:45',120,'صابون ',0,0),(624,'2022-04-03 02:15:14',12,'مياه',0,0),(625,'2022-04-03 02:16:23',64.4,'اغراض مكتبيه',0,0),(626,'2022-04-03 02:17:04',533,'صابون بودره19 ك',0,0),(627,'2022-04-03 02:18:12',495.1,'كيملوي سائل',0,0),(628,'2022-04-03 02:18:58',153.1,'رول الفاخرساده',0,0),(629,'2022-04-04 12:58:40',5000,'ايجار المحل',0,0),(630,'2022-04-04 13:00:07',59.8,'منعم ملابس ',0,0),(631,'2022-04-06 14:09:50',1034,'التامينات الاختماعيه',0,0),(632,'2022-04-06 14:10:49',230,'الانترنت ',0,0),(633,'2022-04-07 00:27:30',247.4,'صابون تايد  ومنعم ملابس ',0,0),(634,'2022-04-07 15:21:36',100,'اصلاح شاشه الكيمرات',0,0),(635,'2022-04-08 01:14:16',695,'ديزل ',0,0),(636,'2022-04-08 01:14:54',943,'علاقات الفاخر',0,0),(637,'2022-04-08 01:15:41',530.4,'رول مغاسل ',0,0),(638,'2022-04-09 01:18:55',70,'بنزين للسياره ',0,0),(639,'2022-04-09 01:19:30',12,'مياة شرب',0,0),(640,'2022-04-10 20:42:55',502,'اغراض عسيل',0,0),(641,'2022-04-11 01:01:48',47.24,'كمام و معقم ',0,0),(642,'2022-04-11 01:02:37',270,'منعم ملابس 30 لتر',0,0),(643,'2022-04-11 13:25:30',2000,'نقل خدمات العامل راسل',0,0),(644,'2022-04-11 13:26:53',1000,'تغير المهنه للعامل راسل',0,0),(645,'2022-04-11 13:28:14',1910.5,'الكهرباء',0,0),(646,'2022-04-11 13:29:27',970.39,'فاتورة المياه',0,0),(647,'2022-04-11 13:30:48',250,'صيانة النشافه دايو ',0,0),(648,'2022-04-13 16:05:56',600,'تجديد ا قا مه شيمن',0,0),(649,'2022-04-13 16:06:30',10,'دافع  حمام ',0,0),(650,'2022-04-13 17:29:23',70,'بترول للسياره',0,0),(651,'2022-04-15 17:08:34',5.75,'طابعه  اوراق',0,0),(652,'2022-04-15 17:09:01',12,'مياه شرب',0,0),(653,'2022-04-18 13:42:07',300,'علاقي الفاخر ',0,0),(654,'2022-04-18 13:42:48',10,'طباعه اوراق',0,0),(655,'2022-04-18 15:03:45',155,'اكياس نايلون مقاس 24',0,0),(656,'2022-04-19 16:19:07',70,'بنزين للسياره ',0,0),(657,'2022-04-19 16:19:55',60,'اصلاح جهاز الكيمرات',0,0),(658,'2022-04-20 15:07:29',20,'لي سخان ولنبه كوع ',0,0),(659,'2022-04-20 15:08:31',169.5,'منعم ملابس ',0,0),(660,'2022-04-22 13:04:52',665,'ديزل ',0,0),(661,'2022-04-22 13:05:33',10,'مياه للشرب',0,0),(662,'2022-04-22 16:32:04',900,'الصرف الصحي ',0,0),(663,'2022-04-23 20:21:05',70,'بنزين للسياره ',0,0),(664,'2022-04-25 15:21:59',280,'رول كاشر',0,0),(665,'2022-04-25 15:22:34',276,'صابون تايد ',0,0),(666,'2022-04-25 15:23:08',5,'كبس لنبه',0,0),(667,'2022-04-26 13:43:18',30,'كلوركس ملون',0,0),(668,'2022-04-26 13:43:56',500,'علاقات',0,0),(669,'2022-04-28 13:54:35',70,'بنزين لليساره',0,0),(670,'2022-04-28 13:55:11',12,'مياه سرب',0,0),(671,'2022-04-28 13:56:22',14300,'رواتب عمال',0,0),(672,'2022-05-05 09:17:52',80.5,'شحن الجوال',0,0),(673,'2022-05-05 09:19:31',54.5,'فاطائر للعمال ايام العيد',0,0),(674,'2022-05-05 09:20:01',70,'بنزين للسياره',0,0),(675,'2022-05-05 09:22:35',6,'مياه للشرب',0,0),(676,'2022-05-05 09:23:00',15,'فطور للعمال',0,0),(678,'2022-05-06 22:14:11',700,'ديزل',0,0),(679,'2022-05-06 22:14:49',249.5,'منعم ملابس',0,0),(680,'2022-05-06 22:20:28',146,'رول ملابس وداوني',0,0),(681,'2022-05-06 22:21:09',46,'ملف ودبابيس',0,0),(682,'2022-05-07 10:36:23',103.8,'مزيل بقع كلوركس',0,0),(683,'2022-05-07 10:36:50',12,'مياه للشرب',0,0),(684,'2022-05-07 10:37:34',150,'كيماوي صودا',0,0),(685,'2022-05-07 10:38:31',33,'اضافة الي فاتوره   رول',0,0),(686,'2022-05-08 23:48:45',70,'بنزين للسياره',1,9.130434782608695),(687,'2022-05-08 23:49:28',185.4,'اغراض سباكه',0,0),(688,'2022-05-08 23:50:04',230,'اشتراك انترنت',0,0),(689,'2022-05-08 23:50:35',5000,'ايجار المحل لشهر 5',0,0),(690,'2022-05-08 23:51:33',1034,'تامينات اجتماعيه ',0,0),(691,'2022-05-08 23:52:14',658,'اغراض غسيل',0,0),(692,'2022-05-09 23:36:26',318,'رول مغايل ',0,0),(693,'2022-05-09 23:37:23',184,'معطر الاجواء فانيليا',0,0),(694,'2022-05-09 23:38:01',11.5,'طباعه اوراق',0,0),(695,'2022-05-11 22:41:27',540,'صابون تايد',0,0),(696,'2022-05-11 22:42:13',286,'علاقات الفاخر',0,0),(697,'2022-05-11 22:42:54',106.95,'علاقيات الفاخر ',0,0),(698,'2022-05-11 22:44:26',340,'نشاء موبي',0,0),(699,'2022-05-13 16:38:43',70,'بنزين للسياره',0,0),(700,'2022-05-13 16:39:13',15,'فطورللعمال',0,0),(701,'2022-05-13 16:40:03',12,'مياه الشرب',0,0),(702,'2022-05-13 16:41:45',1942.93,'كهرباء',0,0),(703,'2022-05-13 16:42:23',772.83,'شريكة المياه',0,0),(704,'2022-05-15 11:34:05',390,'ااستراجع اشتراك رقم 360',0,0),(705,'2022-05-15 11:35:44',975,'شراء علاقيات ',0,0),(706,'2022-05-15 11:36:23',130,'توصيل شحنه من الرياض',0,0),(707,'2022-05-15 11:37:00',15,'فطور',0,0),(708,'2022-05-15 11:37:18',20,'فطور ',0,0),(709,'2022-05-15 11:37:57',24,'لمبه كوع ليد',0,0),(710,'2022-05-15 11:38:51',141.85,'صابون تايد',0,0),(711,'2022-05-15 11:39:36',12,'مقص سوبر مركيت',0,0),(712,'2022-05-17 11:22:00',70,'بنزين للسياره',0,0),(713,'2022-05-17 11:22:33',130,'مروحه ماليزي',0,0),(714,'2022-05-17 11:23:10',270,'منعم ملابس',0,0),(715,'2022-05-17 11:23:32',10,'مطاط',0,0),(716,'2022-05-17 11:26:22',646,'ديزل',0,0),(717,'2022-05-17 11:26:46',10,'مياه الشرب',0,0),(718,'2022-05-17 11:28:34',15,'فطور العمال',0,0),(719,'2022-05-17 11:28:55',15,'فطور العمال',0,0),(720,'2022-05-19 12:10:25',200,'اصلاح المكيف',0,0),(721,'2022-05-19 12:10:57',318,'شراء رول ملابس',0,0),(722,'2022-05-19 12:11:36',89,'اغراض سباكه مع فني ',0,0),(723,'2022-05-19 12:12:56',70,'بنزبن للسياره',0,0),(724,'2022-05-19 12:13:30',30,'لنبمه للسيلره',0,0),(725,'2022-05-19 12:13:58',60,'تغير زيت للسياره',0,0),(726,'2022-05-19 12:14:26',15,'فطور للعمال',0,0),(727,'2022-05-19 12:14:45',15,'فطور للعمال',0,0),(728,'2022-05-21 10:07:02',20,'اغراضسباكه بدون فاتوره',0,0),(729,'2022-05-21 10:07:41',20,'طباعه اوراق',0,0),(730,'2022-05-21 10:08:17',10,'اصلاح اطار السياره',0,0),(731,'2022-05-21 10:08:44',15,'فطور للعمال',0,0),(732,'2022-05-21 10:09:28',18,'نسخ مفاتيح',0,0),(733,'2022-05-21 10:09:57',149.5,'منعم ملابس ',0,0),(734,'2022-05-22 23:22:51',10,'مياة للشرب',0,0),(735,'2022-05-22 23:23:46',70,'بنزين للسياره',0,0),(736,'2022-05-22 23:24:09',900,'سحب الصرف الصحي ',0,0),(737,'2022-05-22 23:24:46',15,'فطور للعمال',0,0),(738,'2022-05-23 19:39:28',15,'فطور للعمال',0,0),(739,'2022-05-23 19:39:54',500,'ايجار الغرفه ',0,0),(740,'2022-05-23 19:40:35',13,'طقم مغسله ',0,0),(741,'2022-05-23 19:43:58',483,'اكياس نايلون 3',0,0),(742,'2022-05-25 23:12:40',300,'صودا',0,0),(743,'2022-05-25 23:13:18',160,'كيس ناليون 12',0,0),(744,'2022-05-25 23:13:50',200,'اصلاح المكبس فني كمال',0,0),(745,'2022-05-25 23:14:21',20,'فطور العمال',0,0),(746,'2022-05-25 23:14:46',15,'فطور العمال',0,0),(747,'2022-05-28 08:01:23',70,'بنزين للسياره',0,0),(748,'2022-05-28 08:01:50',15,'فطور للعمال',0,0),(749,'2022-05-28 08:02:06',15,'فطور للعمال',0,0),(750,'2022-05-28 08:02:40',10,'مياة للشرب',0,0),(751,'2022-05-28 08:04:02',621,'ديزل',0,0),(752,'2022-05-30 16:47:44',15,'فطور للعمال',0,0),(753,'2022-05-30 16:48:35',15,'فطور للعمال',0,0),(754,'2022-05-30 16:54:19',15,'فطور للعمال',0,0),(755,'2022-05-30 16:55:10',8,'مياه للشرب',0,0),(756,'2022-05-30 16:55:33',70,'بنزين للسياره',0,0),(757,'2022-05-31 07:24:55',11300,'رواتب العمال ',0,0),(758,'2022-06-01 23:22:36',560,'صابون تايد',0,0),(759,'2022-06-01 23:24:40',1576,'اغراض غسيل',0,0),(760,'2022-06-03 18:00:14',70,'بنزين للسياره',0,0),(761,'2022-06-03 18:00:39',15,'فطور',0,0),(762,'2022-06-03 18:01:05',15,'فطور',0,0),(763,'2022-06-03 18:01:59',10,'مياه للشرب',0,0),(764,'2022-06-03 22:42:04',80.5,'شحن الجوال ',0,0),(765,'2022-06-07 10:09:23',200,'صابون تايد ',0,0),(766,'2022-06-07 10:10:35',10,'مياه للشرب',0,0),(767,'2022-06-07 10:12:21',70,'بنزين للسياره',0,0),(768,'2022-06-07 10:12:44',15,'فطور للعمال',0,0),(769,'2022-06-07 10:13:04',15,'فطور للعمال',0,0),(770,'2022-06-07 10:13:37',15,'فطور للعمال',0,0),(771,'2022-06-09 16:32:57',15,'فطور للعمال',0,0),(772,'2022-06-09 16:33:19',15,'فطور للعمال',0,0),(773,'2022-06-09 16:33:39',8,'مياه الشرب',0,0),(774,'2022-06-09 16:34:41',672,'ديزل ',0,0),(775,'2022-06-09 16:35:14',249.5,'منعم ملابس',0,0),(776,'2022-06-09 16:36:52',50.85,'كلورلس',0,0),(777,'2022-06-09 16:37:41',829,'اغراض غسيل',0,0),(778,'2022-06-09 16:38:17',5000,'ايجار شهر 6',0,0),(779,'2022-06-09 16:39:07',395.92,'التامينات الاجتماعيه',0,0),(780,'2022-06-09 16:39:33',230,'انترنت',0,0),(781,'2022-06-09 16:40:21',2317.25,'كهرباء',0,0),(782,'2022-06-09 16:42:07',15,'فطور للعمال',0,0),(783,'2022-06-13 10:24:54',28,'لنبه كوع لد',0,0),(784,'2022-06-13 10:25:21',8,'مياه للشريب',0,0),(785,'2022-06-13 10:26:13',15,'فطور للعمال ',0,0),(786,'2022-06-13 10:26:42',20,'فطور للعمال',0,0),(787,'2022-06-13 10:27:06',15,'فطور للعمال ',0,0),(788,'2022-06-13 10:27:44',70,'بنزين ',0,0),(789,'2022-06-13 10:28:17',70,'بنزين ',0,0),(790,'2022-06-16 10:35:06',10,'مياه للشرب',0,0),(791,'2022-06-16 10:35:28',15,'فطور',0,0),(792,'2022-06-16 10:35:46',15,'فطور ',0,0),(793,'2022-06-16 10:36:17',216,'رول صغير',0,0),(794,'2022-06-16 10:36:42',15,'فطور',0,0),(795,'2022-06-16 10:37:07',15,'فطور',0,0),(796,'2022-06-16 10:37:37',300,'غسيل الكيف واصلاح الثلاجه',0,0),(797,'2022-06-16 10:38:02',276,'صابون تايد',0,0),(798,'2022-06-18 10:11:49',15,'فطور ',0,0),(799,'2022-06-18 10:12:37',149.5,'دواني',0,0),(800,'2022-06-18 10:13:35',10,'شطرطون ',0,0),(801,'2022-06-18 10:13:58',70,'بنزين',0,0),(802,'2022-06-20 09:59:11',651,'ديزل',0,0),(803,'2022-06-20 09:59:36',15,'فطور',0,0),(804,'2022-06-20 10:00:14',22,'اواد سباكه',0,0),(805,'2022-06-20 10:00:41',860,'دينمو ماء',0,0),(806,'2022-06-20 10:01:12',64,'ادوات سباكه',0,0),(807,'2022-06-20 10:03:16',972.89,'فاتورة المياه',0,0),(808,'2022-06-22 07:56:00',900,'الصرف الصحي',0,0),(809,'2022-06-22 07:56:22',200,'فني ',0,0),(810,'2022-06-22 07:57:39',15,'فطور للعمال',0,0),(811,'2022-06-22 07:58:03',70,'بنزين',0,0),(812,'2022-06-22 07:58:57',15,'فطور للعمال',0,0),(813,'2022-06-22 07:59:51',8,'مياه للشرب',0,0),(814,'2022-06-24 16:33:20',318,'رول مغاسل',0,0),(815,'2022-06-24 16:33:40',15,'فطور للعمال',0,0),(816,'2022-06-24 16:34:03',15,'فطور للعمال',0,0),(817,'2022-06-24 16:34:27',5,'زيت فرامل',0,0),(818,'2022-06-24 16:35:14',654,'علاقات',0,0),(819,'2022-06-24 16:35:41',600,'علاقيات',0,0),(820,'2022-06-24 16:36:34',103.5,'شراء انترنيت',0,0),(821,'2022-06-24 16:37:07',600,'رسوم العقد',0,0),(822,'2022-06-24 16:37:39',500,'ايجلر الغرفه',0,0),(823,'2022-06-27 07:28:30',15,'فطور العمال',0,0),(824,'2022-06-27 07:28:55',15,'فطور للعمال',0,0),(825,'2022-06-27 07:29:24',15,'فطور للعمال',0,0),(826,'2022-06-27 07:29:52',70,'بنزين',0,0),(827,'2022-06-27 07:30:28',130,'استرجاع إشتراك رقم 152',0,0),(828,'2022-06-27 07:33:42',10300,'رواتب العمال',0,0),(829,'2022-06-27 07:34:58',17.25,'مناديل وصابون يد',0,0),(830,'2022-06-27 07:35:28',10,'مياه للشرب',0,0),(831,'2022-06-27 07:36:09',10,'لي هراب  وطني',0,0),(832,'2022-06-27 07:36:46',33,'مساحه قطن',0,0),(833,'2022-06-27 17:33:54',300,'شراء مكيف',0,0),(834,'2022-06-27 17:34:35',10,'لي حراري',0,0),(835,'2022-06-30 08:30:04',70,'بنزين للسياره',0,0),(836,'2022-06-30 08:30:36',15,'فطور للعمال',0,0),(837,'2022-06-30 08:31:07',10,'مياه للشرب',0,0),(838,'2022-06-30 08:31:42',100,'تمد يد زياره',0,0),(839,'2022-06-30 22:35:37',75,'كلوركس',0,0),(840,'2022-06-30 22:36:00',300,'صودا',0,0),(841,'2022-07-02 11:37:00',80.5,'شحن الجوال',0,0),(842,'2022-07-02 11:37:20',641,'ديزل ',0,0),(843,'2022-07-02 11:37:51',89.7,'داوني ',0,0),(844,'2022-07-02 11:38:19',40.2,'داوني ',0,0),(845,'2022-07-02 11:38:45',5,'زيت فرامل',0,0),(846,'2022-07-02 11:39:28',15,'فطور للعمال',0,0),(847,'2022-07-02 11:39:56',560,'صابون تايد',0,0),(848,'2022-07-02 11:40:35',47.15,'اقلام و تصوير',0,0),(849,'2022-07-02 11:41:32',445.75,'سله غسيل و فرشه ',0,0),(850,'2022-07-05 07:22:24',650,'فني نشافه ',0,0),(851,'2022-07-05 07:22:47',70,'بنزين',0,0),(852,'2022-07-05 07:23:54',15,'فطور للعمال',0,0),(853,'2022-07-05 07:24:21',15,'فطور للعمال',0,0),(854,'2022-07-05 07:24:38',15,'فطور للعمال',0,0),(855,'2022-07-05 07:25:26',20,'مياه للسرب',0,0),(856,'2022-07-05 07:25:54',18,'محبس هواء',0,0),(857,'2022-07-05 07:26:33',525,'اغراض عسيل',0,0),(858,'2022-07-05 07:27:04',1890,'اغراض عسيل',0,0),(859,'2022-07-05 07:27:35',395,'اغراض لاصلاح النشاف',0,0),(860,'2022-07-07 07:31:51',15,'فطور للعمال',0,0),(861,'2022-07-07 07:32:12',15,'فطور للعمال',0,0),(862,'2022-07-07 07:32:39',480,'اكياس نايلون',0,0),(863,'2022-07-07 07:33:13',57.5,'تينار  جالون',0,0),(864,'2022-07-13 21:08:07',6,'مياه للشرب',0,0),(865,'2022-07-13 21:08:48',20,'فطور للعمال',0,0),(866,'2022-07-13 21:09:19',95,'عشاء للعمال',0,0),(867,'2022-07-13 21:10:02',70,'بنزين',0,0),(868,'2022-07-13 21:10:21',70,'بنزين ',0,0),(869,'2022-07-13 21:11:06',17.25,'معجنات للعمال ',0,0),(870,'2022-07-13 21:13:01',800,'اكرامية عيد الاضحي',0,0),(871,'2022-07-13 21:13:50',79,'تعديل فواتير بعد التسديد',0,0),(872,'2022-07-13 21:19:07',15,'فطور للعمال',0,0),(873,'2022-07-13 21:19:44',15,'فطور للعمال',0,0),(874,'2022-07-13 21:20:59',15,'فطور للعمال',0,0),(875,'2022-07-13 21:21:41',5000,'ايجار المحل',0,0),(876,'2022-07-13 21:22:00',230,'انترنت',0,0),(877,'2022-07-13 21:22:45',174,'تامينات',0,0),(878,'2022-07-13 21:23:28',987.69,'شريكه المياه',0,0),(879,'2022-07-13 21:29:19',2283.1,'الكهرباء',0,0),(880,'2022-07-19 07:19:34',15,'فطور للعمال',0,0),(881,'2022-07-19 07:20:25',245,'منعم ملابس',0,0),(882,'2022-07-19 07:21:16',10,'حجر بانسونيك',0,0),(883,'2022-07-19 07:21:41',15,'فطور للعمال',0,0),(884,'2022-07-19 07:22:11',15,'فطور للعمال',0,0),(885,'2022-07-19 07:22:39',15,'فطور للعمال',0,0),(886,'2022-07-19 07:23:06',15,'فطور للعمال',0,0),(887,'2022-07-19 07:23:35',8,'مياه الشرب',0,0),(888,'2022-07-19 07:24:06',70,'بنزين',0,0),(889,'2022-07-19 07:24:31',900,'الصرف الصحي ',0,0),(890,'2022-07-19 07:26:55',700,'ديزل ',0,0),(891,'2022-07-19 07:27:27',200,'اصلاح المكيف',0,0),(892,'2022-07-25 07:22:59',70,'بنزين',0,0),(893,'2022-07-25 07:23:23',15,'فطور للعمال',0,0),(894,'2022-07-25 07:23:57',15,'فطور للعمال',0,0),(895,'2022-07-25 07:24:28',15,'فطور للعمال',0,0),(896,'2022-07-25 07:24:51',24,'فطور للعماب',0,0),(897,'2022-07-25 07:25:12',15,'فطور للعمال',0,0),(898,'2022-07-25 07:25:35',10,'مياه للشرب',0,0),(899,'2022-07-25 07:26:09',500,'ايجار الغرفه',0,0),(900,'2022-07-25 07:26:49',695,'ديزل',0,0),(901,'2022-07-25 07:27:36',35.25,'اغراض مكتبيه',0,0),(902,'2022-07-25 07:28:24',35,'بزبوز ',0,0),(903,'2022-07-25 07:28:57',9,'اغراض سباكه',0,0),(904,'2022-07-28 10:22:54',280,'صابون تايد',0,0),(905,'2022-07-28 10:23:27',450,'تعويض',0,0),(906,'2022-07-28 10:23:57',70,'بنزيز',0,0),(907,'2022-07-28 10:24:31',15,'فطور للعمال',0,0),(908,'2022-07-28 10:25:28',15,'فطور ',0,0),(909,'2022-07-28 10:25:44',15,'فطور ',0,0),(910,'2022-07-28 10:26:33',8,'ماء للشرب',0,0),(911,'2022-07-28 10:27:04',10,'اصلاح كفر السياره',0,0),(912,'2022-07-28 10:27:43',654,'اغراض غسيل',0,0),(913,'2022-07-31 09:40:50',13300,'رواتب العمال',0,0),(914,'2022-07-31 09:41:18',134.75,'منعم ملابس',0,0),(915,'2022-07-31 09:41:41',160,'كيس نايلون',0,0),(916,'2022-07-31 09:42:09',6,'مياه للشرب',0,0),(917,'2022-07-31 09:42:49',50,'طفاية حريق',0,0),(918,'2022-07-31 09:43:29',48,'نشلء موبي',0,0),(919,'2022-07-31 09:44:27',17.25,'استرجاع فاتوره بعد السداد',0,0),(920,'2022-07-31 09:45:16',15,'فطور',0,0),(921,'2022-07-31 09:45:41',15,'فطور ',0,0),(922,'2022-07-31 09:46:25',15,'فطور',0,0),(923,'2022-07-31 11:26:25',92,'منعم ملابس 30 لتر',0,0),(924,'2022-07-31 19:54:02',70,'بنزين',0,0),(925,'2022-07-31 19:54:54',376,'اغراض غسيل',0,0),(926,'2022-08-02 11:32:49',80.5,'شحن الجوال',0,0),(927,'2022-08-02 11:34:41',15,'فطور للعمال',0,0),(928,'2022-08-02 11:35:02',15,'فطور',0,0),(929,'2022-08-02 11:35:27',10,'مياه للشرب',0,0),(930,'2022-08-02 11:35:50',5,'زيت فرامل',0,0),(931,'2022-08-02 11:36:19',230,'علاقيات',0,0),(932,'2022-08-02 11:36:58',700,'صابون تايد',0,0),(933,'2022-08-03 17:23:21',15,'فطور العمال',0,0),(934,'2022-08-03 17:23:40',70,'بنزين ',0,0),(935,'2022-08-03 17:24:06',25,'لنبه اضاءه',0,0),(936,'2022-08-03 17:25:28',160,'كيس نايلون',0,0),(937,'2022-08-03 17:27:01',2212,'اغراض غسيل',0,0),(938,'2022-08-04 09:40:09',267.5,'اغراض غسيل',0,0),(939,'2022-08-04 09:40:45',51.75,'اغراض مكتبيه',0,0),(940,'2022-08-04 09:41:27',315,'رول  طابعه',0,0),(941,'2022-08-04 09:41:50',20,'لنبه ',0,0),(942,'2022-08-04 09:42:11',15,'فطور عمال',0,0),(943,'2022-08-04 09:42:38',400,'ملابس عمال',0,0),(944,'2022-08-04 09:43:15',300,'راتب خالد  3ايام',0,0),(945,'2022-08-04 09:54:49',782,'مزيل بقع  .ابو عبدالله',0,0),(946,'2022-08-07 07:09:43',70,'بنزين ',0,0),(947,'2022-08-07 07:10:13',15,'فطور للعمال',0,0),(948,'2022-08-07 07:10:42',15,'توصيل طلبيه',0,0),(949,'2022-08-07 07:11:12',10,'مياه الشرب',0,0),(950,'2022-08-07 07:12:08',560,'ديزل',0,0),(951,'2022-08-07 07:12:47',290,'اغراض غسيل',0,0),(952,'2022-08-07 07:13:18',177,'اكياس نايلون',0,0),(953,'2022-08-09 20:52:59',184,'معطر مفارش',0,0),(954,'2022-08-09 20:55:18',15,'فطور ',0,0),(955,'2022-08-09 20:55:34',15,'فطور ',0,0),(956,'2022-08-09 20:56:05',15,'فطور ',0,0),(957,'2022-08-09 20:56:30',38,'اغراض سباكه',0,0),(958,'2022-08-09 20:56:47',120,'فني سباك',0,0),(959,'2022-08-09 20:58:24',51,'اسيد مجاري',0,0),(960,'2022-08-09 20:58:52',400,'مواصلات شيمون',0,0),(961,'2022-08-09 20:59:29',5000,'ايجار المحل',0,0),(962,'2022-08-09 20:59:48',230,'انترنت',0,0),(963,'2022-08-09 21:01:15',174,'تامينات',0,0),(964,'2022-08-09 21:02:21',2204.09,'الكهرباء',0,0),(965,'2022-08-14 22:38:21',70,'بنزين',0,0),(966,'2022-08-14 22:38:43',15,'فطور ',0,0),(967,'2022-08-14 22:39:09',15,'فطور',0,0),(968,'2022-08-14 22:43:04',15,'فطور',0,0),(969,'2022-08-14 22:43:34',15,'فطور',0,0),(970,'2022-08-14 22:47:16',10,'مياه',0,0),(971,'2022-08-14 22:48:14',119.85,'كلوركس ملون',0,0),(972,'2022-08-14 22:48:50',269.5,'منعم ملابس',0,0),(973,'2022-08-14 22:54:26',707,'ديزل',0,0),(974,'2022-08-14 23:01:04',10350,'اقامة سهيل ',0,0),(975,'2022-08-18 16:30:26',70,'بنزين ',0,0),(976,'2022-08-18 16:31:14',143.75,'صابون ',0,0),(977,'2022-08-18 16:31:30',15,'فطور',0,0),(978,'2022-08-18 16:31:49',15,'فطور ',0,0),(979,'2022-08-18 16:32:05',15,'فطور',0,0),(980,'2022-08-18 16:32:20',15,'فطور ',0,0),(981,'2022-08-18 16:32:37',10,'مياه',0,0),(982,'2022-08-18 16:33:23',124.75,'منعم ملابس كمفورت',0,0),(983,'2022-08-18 16:33:57',10,'لي سجان ',0,0),(984,'2022-08-18 16:34:25',186,'اغراض غسيل',0,0),(985,'2022-08-18 16:34:59',186,'اغراض غسيل',0,0),(986,'2022-08-18 16:35:27',711,'اغراض  غسيل',0,0),(987,'2022-08-22 22:38:59',15,'فطور ',0,0),(988,'2022-08-22 22:39:38',70,'بنزين',0,0),(989,'2022-08-22 22:40:09',900,'الصرف الصحي',0,0),(990,'2022-08-22 22:40:43',15,'فطور ',0,0),(991,'2022-08-22 22:41:13',15,'فطور',0,0),(992,'2022-08-22 22:41:38',10,'مياه ',0,0),(993,'2022-08-22 22:41:57',602,'ديزل',0,0),(994,'2022-08-22 22:42:28',100,'زيت للسياره',0,0),(995,'2022-08-22 22:43:29',983.64,'مياه',0,0),(996,'2022-08-28 09:42:53',149.5,'صابون',0,0),(997,'2022-08-28 09:43:39',70,'بنزين',0,0),(998,'2022-08-28 09:44:17',500,'ايجار الغرفه',0,0),(999,'2022-08-28 09:45:07',37.25,'علاج',0,0),(1000,'2022-08-28 09:45:53',15,'معطرجو',0,0),(1001,'2022-08-28 09:46:11',25,'فطور',0,0),(1002,'2022-08-28 09:46:39',70,'بنزين',0,0),(1003,'2022-08-28 09:46:59',10,'مياه',0,0),(1004,'2022-08-28 09:47:19',15,'فطور',0,0),(1005,'2022-08-28 09:47:42',15,'فطور',0,0),(1006,'2022-08-28 09:48:03',15,'فطور',0,0),(1007,'2022-08-28 09:48:22',15,'فطور',0,0),(1008,'2022-08-28 09:48:48',426,'اغراض',0,0),(1009,'2022-08-28 09:49:21',785,'اغراص غسيل',0,0),(1010,'2022-08-28 09:56:14',10300,'الرواتب',0,0),(1011,'2022-08-31 09:45:25',299,'صابون',0,0),(1012,'2022-08-31 09:45:48',15,'فطور ',0,0),(1013,'2022-08-31 09:46:06',15,'فطور',0,0),(1014,'2022-08-31 09:46:27',15,'فطور',0,0),(1015,'2022-08-31 09:47:00',19,'اغراص سباكه',0,0),(1016,'2022-08-31 09:47:22',70,'بنزين',0,0),(1017,'2022-08-31 09:47:39',8,'مياه',0,0),(1021,'2022-09-05 21:55:27',1968,'اغراض غسيل',0,0),(1022,'2022-09-05 21:55:52',480,'اكياس نايلون',0,0),(1023,'2022-09-05 21:56:20',700,'ديزل',0,0),(1024,'2022-09-05 21:56:48',560,'صابون تايد',0,0),(1025,'2022-09-05 21:57:27',279,'اغراص غسيل',1,36.391304347826086),(1026,'2022-09-05 21:58:03',125,'اغراص غسيل',1,16.304347826086957),(1027,'2022-09-05 22:02:24',80.5,'شحن الجوال',1,10.5),(1028,'2022-09-05 22:03:07',390.25,'اغراض غسيل',0,0),(1029,'2022-09-05 22:03:59',199.8,'منعم ملابس  ',1,26.06086956521739),(1030,'2022-09-05 22:04:27',70,'بنزين',1,9.130434782608695),(1031,'2022-09-05 22:04:59',53,'ررل',1,6.913043478260869),(1032,'2022-09-05 22:05:45',269.5,'كمفورت',1,35.15217391304348),(1033,'2022-09-05 22:06:15',10,'مياه للشرب',1,1.3043478260869565),(1034,'2022-09-10 07:11:16',8,'مياه للشرب',0,0),(1035,'2022-09-10 07:12:04',70,'بنزين ',0,0),(1036,'2022-09-10 07:12:31',70,'بنزين',1,9.130434782608695),(1037,'2022-09-10 07:13:06',15,'فطور ',1,1.9565217391304348),(1038,'2022-09-10 07:13:33',15,'فطور',1,1.9565217391304348),(1039,'2022-09-10 07:14:19',24,'فطور',1,3.130434782608696),(1040,'2022-09-10 07:14:41',16,'فطور',1,2.0869565217391304),(1041,'2022-09-10 07:15:11',15,'فطور',1,1.9565217391304348),(1042,'2022-09-10 07:15:32',15,'فطور',1,1.9565217391304348),(1043,'2022-09-10 07:16:11',160,'غسيل المكيفات',1,20.869565217391305),(1044,'2022-09-10 07:16:46',41,'ادوات مكتبيه',1,5.3478260869565215),(1045,'2022-09-10 07:17:17',46,'تينار',1,6),(1046,'2022-09-10 07:18:05',180,'بطاريه للسياره',1,23.47826086956522),(1047,'2022-09-10 07:19:08',586.25,'قطعه للسياره',1,76.46739130434783),(1048,'2022-09-14 07:26:19',5000,'ايجار المحل',1,652.1739130434783),(1049,'2022-09-14 07:27:28',2353.82,'كهرباء',1,307.02000000000004),(1050,'2022-09-14 07:28:09',230,'الاتصالات السعوديه',1,30),(1051,'2022-09-14 07:28:50',174,'التامينات الاجتماعيه',1,22.695652173913043),(1052,'2022-09-14 07:29:51',950.61,'شريكه المياه الوطنيه',1,123.99260869565217),(1053,'2022-09-14 07:30:57',657,'ديزل',1,85.69565217391305),(1054,'2022-09-14 07:31:54',15,'اغراض للسياره',1,1.9565217391304348),(1055,'2022-09-14 07:32:34',70,'بنزين',1,9.130434782608695),(1056,'2022-09-14 07:32:56',70,'بنزين',1,9.130434782608695),(1057,'2022-09-14 07:33:43',10,'مياه للشرب',1,1.3043478260869565),(1058,'2022-09-15 07:43:50',11.5,'فرشه ',1,1.5),(1059,'2022-09-15 07:44:12',70,'بنزين',1,9.130434782608695),(1060,'2022-09-15 07:44:50',25,'كيلون',1,3.260869565217391),(1061,'2022-09-15 07:49:56',15,'فطور',1,1.9565217391304348),(1062,'2022-09-15 07:50:17',15,'فطور',1,1.9565217391304348),(1063,'2022-09-15 07:50:40',15,'فطور',1,1.9565217391304348),(1064,'2022-09-15 07:51:02',15,'فطور',1,1.9565217391304348),(1065,'2022-09-15 07:51:24',15,'فطور',1,1.9565217391304348),(1066,'2022-09-15 07:51:52',15,'فطور',0,0),(1067,'2022-09-15 07:52:16',15,'فطور',1,1.9565217391304348),(1068,'2022-09-21 07:19:36',750,'تجديد اقامة اصغر',0,0),(1069,'2022-09-21 07:21:10',110,'اصلاح اليساره',1,14.347826086956522),(1070,'2022-09-21 07:21:44',8,'شراء زيت فرامل',1,1.0434782608695652),(1071,'2022-09-21 07:22:13',15,'فطور ',1,1.9565217391304348),(1072,'2022-09-21 07:22:48',10,'ماء للشرب',1,1.3043478260869565),(1073,'2022-09-21 07:23:35',1310,'اغراض غسيل',1,170.8695652173913),(1074,'2022-09-21 07:24:11',15,'فطور',1,1.9565217391304348),(1075,'2022-09-21 07:24:37',87,'بنزين',1,11.347826086956522),(1076,'2022-09-21 07:25:02',900,'الصرف الصحي',1,117.3913043478261),(1077,'2022-09-21 07:25:49',151.6,'منعم ملابس',1,19.77391304347826),(1078,'2022-09-21 07:26:21',15,'فطور ',1,1.9565217391304348),(1079,'2022-09-21 07:29:50',15,'فطور ',1,1.9565217391304348),(1080,'2022-09-21 07:31:18',15,'فطور',1,1.9565217391304348),(1081,'2022-09-24 07:31:28',15,'فطور',1,1.9565217391304348),(1082,'2022-09-24 07:31:48',15,'فطور',1,1.9565217391304348),(1083,'2022-09-24 07:32:10',15,'فطور',1,1.9565217391304348),(1084,'2022-09-24 07:32:38',672,'ديزل',1,87.65217391304348),(1085,'2022-09-24 07:33:21',160.4,'منعم ملابس',1,20.921739130434784),(1086,'2022-09-24 07:34:18',332.55,'منعم ملابس',1,43.37608695652174),(1087,'2022-09-24 07:35:01',17.25,'مفك راس',1,2.25),(1088,'2022-09-24 07:35:31',30,'توصيل 2 كرتون',1,3.9130434782608696),(1089,'2022-09-24 07:35:53',85,'بنزين',1,11.08695652173913),(1090,'2022-09-24 07:36:19',6,'مياه',1,0.782608695652174),(1091,'2022-09-24 07:37:06',458,'شراء كاوية بخار',1,59.73913043478261),(1092,'2022-09-29 07:08:40',22,'فطور ',1,2.869565217391304),(1093,'2022-09-29 07:09:06',5,'طباعه اوراق',1,0.6521739130434783),(1094,'2022-09-29 07:09:28',15,'فطور',1,1.9565217391304348),(1095,'2022-09-29 07:09:49',10,'مياه',1,1.3043478260869565),(1096,'2022-09-29 07:10:15',500,'ايجار الغرفه',1,65.21739130434783),(1097,'2022-09-29 07:10:45',85,'بنزين',1,11.08695652173913),(1098,'2022-09-29 07:11:34',15,'فطور',1,1.9565217391304348),(1099,'2022-09-29 07:12:28',15,'فطور ',1,1.9565217391304348),(1100,'2022-09-29 07:12:52',15,'فطور',1,1.9565217391304348),(1101,'2022-09-29 07:13:31',60,'اصلاح الدينمو',1,7.826086956521739),(1102,'2022-09-29 07:14:29',80.5,'شحن الجوال',1,10.5),(1103,'2022-09-29 07:15:45',1794.64,'خدمات',1,234.08347826086958),(1104,'2022-09-29 07:16:52',64.5,'تعديل فواتير ',1,8.41304347826087),(1105,'2022-09-29 16:35:07',13300,'رواتب العمال',1,1734.7826086956522),(1106,'2022-09-29 16:35:33',400,'اصلاح المكيف ',1,52.17391304347826),(1107,'2022-09-29 21:47:20',15,'فطور',1,1.9565217391304348),(1108,'2022-09-30 18:56:45',348,'بدل ايجازة اليوم الوطني',1,45.391304347826086),(1109,'2022-10-11 07:17:00',2223.33,'اغراض غسيل',1,289.9995652173913),(1110,'2022-10-11 07:17:29',127,'اغراض غسيل',1,16.565217391304348),(1111,'2022-10-11 07:18:16',640,'اكياس نايلون',1,83.47826086956522),(1112,'2022-10-11 07:19:29',882,'صابون',1,115.04347826086956),(1113,'2022-10-11 07:20:00',700,'ديزل',1,91.30434782608695),(1114,'2022-10-11 07:20:38',250,'غسيل المكيف',1,32.608695652173914),(1115,'2022-10-11 07:21:12',113.8,'تايد',1,14.843478260869565),(1116,'2022-10-11 07:22:00',167.7,'كمفورت',1,21.87391304347826),(1117,'2022-10-12 07:33:46',17.25,'تعديل فاتوره رقم 142496',1,2.25),(1118,'2022-10-12 07:34:23',400,'اصلاح المكبس ',1,52.17391304347826),(1119,'2022-10-12 07:34:54',81,'بنزين',1,10.565217391304348),(1120,'2022-10-12 07:35:45',40.25,'ديتول وو اغراض',1,5.25),(1121,'2022-10-12 07:37:36',23,'قطن ',1,3),(1122,'2022-10-12 07:38:05',12,'نسخ مفتاح',1,1.565217391304348),(1123,'2022-10-12 07:38:56',76,'بنزين',1,9.91304347826087),(1124,'2022-10-12 07:40:59',9,'اغراض ',1,1.173913043478261),(1125,'2022-10-12 07:43:35',50,'تينار',1,6.521739130434782),(1126,'2022-10-12 07:44:20',184,'معطر ',1,24),(1127,'2022-10-12 07:45:10',85,'بنزين',1,11.08695652173913),(1128,'2022-10-12 07:46:28',220.8,'اغراض غسيل ',1,28.8),(1129,'2022-10-12 07:48:36',279.5,'منعم ملابس',1,36.45652173913044),(1130,'2022-10-12 07:49:11',630,'ديزل ',1,82.17391304347827),(1131,'2022-10-12 07:49:47',89,'بنزين',1,11.608695652173912),(1132,'2022-10-12 07:50:19',400,'اغراض مكتب ',1,52.17391304347826),(1133,'2022-10-15 07:49:06',90,'بنزين ',1,11.73913043478261),(1134,'2022-10-15 07:49:39',14,'مفتاح للكهرباء',1,1.826086956521739),(1135,'2022-10-15 07:50:27',750,'اقامه بحر',1,97.82608695652173),(1136,'2022-10-15 07:51:10',230,'الانترنت ',1,30),(1137,'2022-10-15 07:51:59',2335.19,'كهرباء',1,304.59),(1138,'2022-10-15 07:52:28',5000,'ايجا رالمحل',1,652.1739130434783),(1139,'2022-10-15 07:54:25',1034,'التامينات ',1,134.8695652173913),(1140,'2022-10-15 07:55:14',1029.7,'المياه',1,134.30869565217392),(1141,'2022-10-16 07:08:57',37,'محابس زاويه   2',1,4.826086956521739),(1142,'2022-10-16 07:09:58',20.7,'سلك انترنت 20 متر',1,2.7),(1143,'2022-10-16 10:00:09',290,'صابون ',1,37.82608695652174),(1144,'2022-10-16 10:00:35',160,'صابون ',1,20.869565217391305),(1145,'2022-10-17 07:55:39',1570,'اغراض غسيل',1,204.7826086956522),(1146,'2022-10-19 07:03:31',80,'بنزين ',1,10.434782608695652),(1147,'2022-10-19 07:04:11',98.45,'تعديل فواتير بعد السداد',1,12.841304347826087),(1148,'2022-10-19 10:44:35',500,'ايجار الغرفه',1,65.21739130434783),(1149,'2022-10-24 07:09:37',679,'ديزل',1,88.56521739130434),(1150,'2022-10-24 07:10:14',90,'بنزين',1,11.73913043478261),(1151,'2022-10-24 07:10:41',900,'الصرف الصحي ',0,0),(1152,'2022-10-24 16:09:30',80.5,'شجن الجوال ',1,10.5),(1153,'2022-10-24 16:10:07',229.5,'كمفورت ',1,29.934782608695652),(1154,'2022-10-25 10:03:48',82,'بنزين ',1,10.695652173913043),(1155,'2022-10-28 16:05:44',80,'بنزين',0,0),(1156,'2022-10-30 10:50:36',120,'زيت للسياره',1,15.652173913043478),(1157,'2022-10-30 23:31:51',210,'ديزل ',1,27.391304347826086),(1158,'2022-10-31 11:33:14',80,'بنزين',1,10.434782608695652),(1159,'2022-10-31 11:33:47',50,'فاتوره للسياره',1,6.521739130434782),(1160,'2022-10-31 11:34:27',100,'شراء حساس للسياره',1,13.043478260869565),(1161,'2022-10-31 11:37:22',19200,'رواتب العمال',1,2504.3478260869565),(1162,'2022-11-04 20:53:20',279.5,'منعم ملابس',1,36.45652173913044),(1163,'2022-11-04 20:53:47',95,'منعم ملابس',1,12.391304347826088),(1164,'2022-11-04 20:54:17',161,'صودا ',1,21),(1165,'2022-11-04 20:54:50',80,'بنزين',1,10.434782608695652),(1166,'2022-11-04 20:55:25',290,'تايد صابون',1,37.82608695652174),(1167,'2022-11-04 20:55:48',647,'ديزل',1,84.3913043478261),(1168,'2022-11-04 20:56:19',150,'السياره',1,19.565217391304348),(1169,'2022-11-04 20:58:34',23,'غراء للسياره',1,3),(1170,'2022-11-04 20:59:00',25,'بخاخ للسياره',1,3.260869565217391),(1171,'2022-11-04 20:59:28',65,'اغراض غسيل',1,8.478260869565217),(1172,'2022-11-04 21:02:32',1839,'اغراض غسيل',1,239.8695652173913),(1173,'2022-11-06 07:33:02',83,'بنزين',1,10.826086956521738),(1174,'2022-11-06 07:33:45',207,'فحص ',1,27),(1175,'2022-11-06 07:34:33',20,'طلب تجديد كرت',1,2.608695652173913),(1176,'2022-11-06 07:35:23',75,'تصوير و اقلام ودبابيس',1,9.782608695652174),(1177,'2022-11-06 07:36:08',270,'كرتون رول',1,35.21739130434783),(1178,'2022-11-06 07:36:41',27,'محابس و لي سخان',1,3.5217391304347827),(1179,'2022-11-06 07:37:14',640,'اكياس نايلون',1,83.47826086956522),(1180,'2022-11-07 10:51:15',500,'اصلاح البولر ',1,65.21739130434783),(1181,'2022-11-07 10:51:49',50,'شراء مفتاح 14',1,6.521739130434782),(1182,'2022-11-08 23:48:33',76,'بزين ',1,9.91304347826087),(1183,'2022-11-09 19:49:58',635,'اغراض غسيل',1,82.82608695652173),(1184,'2022-11-09 19:51:23',60,'تسديد رسوم الكرت الصحي ',1,7.826086956521739),(1185,'2022-11-09 21:20:30',84,'بنزين ',1,10.956521739130435),(1186,'2022-11-11 23:10:01',80,'بنزين ',1,10.434782608695652),(1187,'2022-11-11 23:11:14',700,'ديول ',1,91.30434782608695),(1188,'2022-11-13 21:44:26',64,'محابس ',1,8.347826086956522),(1189,'2022-11-13 21:44:59',1761,'اغراض غسيل',1,229.69565217391303),(1190,'2022-11-13 21:47:13',2875.12,'كهرابا ',1,375.015652173913),(1191,'2022-11-13 21:47:42',230,'انترنيت',1,30),(1192,'2022-11-13 21:48:13',1034,'تامينات',1,134.8695652173913),(1193,'2022-11-13 21:48:43',1087.93,'مياه',1,141.90391304347827),(1194,'2022-11-13 21:49:09',5000,'ايجار',1,652.1739130434783),(1195,'2022-11-14 10:40:02',30,'اصلاح اطار السياره',1,3.9130434782608696),(1196,'2022-11-14 10:42:04',79.75,'خزانه ',1,10.402173913043478),(1197,'2022-11-14 10:43:15',1334,'راس مكبس واغراض ',1,174),(1198,'2022-11-14 18:17:17',84,'بنزين',1,10.956521739130435),(1199,'2022-11-14 18:18:21',30,'توصيل طرد من الرياض',1,3.9130434782608696),(1200,'2023-04-06 03:22:44',90,'مصروفات سيارة',1,11.73913043478261),(1201,'2023-04-09 03:20:50',85,'مصروفات سيارة',1,11.08695652173913),(1202,'2023-04-08 07:20:42',287.5,'انترنت',1,37.5),(1203,'2023-04-12 07:21:26',15,'منظفات',0,0),(1204,'2023-04-12 07:21:58',450,'منظفات',1,58.69565217391305),(1205,'2023-04-12 07:22:30',480,'منظفات',1,62.608695652173914),(1206,'2023-04-12 07:22:56',723,'منظفات',1,94.30434782608695),(1207,'2023-04-12 07:23:37',184.65,'منظفات',1,24.08478260869565),(1208,'2023-04-12 07:24:13',28.75,'مصروفات خارجية',1,3.75),(1209,'2023-04-12 07:24:49',184,'منظفات',1,24),(1210,'2023-04-12 07:25:16',1491,'منظفات',1,194.47826086956522),(1211,'2023-04-12 07:25:44',30.01,'مصروفات خارجية',1,3.914347826086957),(1212,'2023-04-12 07:45:16',5000,'مصروفات خارجية',0,0),(1213,'2023-04-12 07:45:45',199,'مصروفات خارجية',1,25.956521739130434),(1214,'2023-04-12 07:46:20',1084,'مصروفات دوائر حكومية',0,0),(1215,'2023-04-12 07:46:54',2847.4,'كهرباء',1,371.4),(1216,'2023-04-12 07:47:19',11.5,'كهرباء',1,1.5),(1217,'2023-04-12 07:47:55',85,'مصروفات سيارة',1,11.08695652173913),(1218,'2023-04-12 07:48:22',90,'مصروفات سيارة',1,11.73913043478261),(1219,'2023-04-30 00:40:24',81,'بنزين',1,10.565217391304348),(1220,'2023-04-30 00:40:53',86,'بنزين',1,11.217391304347826),(1221,'2023-04-30 00:41:35',100,'تعويض جزمة',0,0),(1222,'2023-04-30 00:42:12',1200,'الصرف الصحي',0,0),(1223,'2023-04-30 00:42:35',30,'مصروفات خارجية',0,0),(1224,'2023-04-30 00:43:11',500,'ايجار الغرفة',0,0),(1225,'2023-04-30 00:43:52',19.5,'مصروفات خارجية',1,2.5434782608695654),(1226,'2023-04-30 00:44:21',300,'منظفات',1,39.130434782608695),(1227,'2023-04-30 00:44:41',810,'منظفات',1,105.65217391304348),(1228,'2023-04-30 00:45:04',75,'مصروفات خارجية',0,0),(1229,'2023-04-30 00:45:41',85.02,'بنزين',1,11.089565217391304),(1230,'2023-04-30 00:46:10',86,'بنزين',1,11.217391304347826),(1231,'2023-04-30 00:46:33',2,'مصروفات خارجية',0,0),(1232,'2023-04-30 00:47:17',2,'مصروفات خارجية',0,0),(1233,'2023-04-30 00:48:00',42.55,'مصروفات خارجية',0,0),(1234,'2023-04-30 00:48:49',265.08,'مصروفات خارجية',1,34.57565217391304),(1235,'2023-04-30 00:49:39',239.5,'منظفات',1,31.23913043478261),(1236,'2023-04-30 00:50:25',28,'مصروفات خارجية',1,3.652173913043478),(1237,'2023-04-30 00:50:52',4600,'مصروفات خارجية',1,600),(1238,'2023-04-30 00:51:35',550,'مكيف شباك',0,0),(1239,'2023-04-30 00:52:17',1101.93,'كهرباء فرع صبيا',1,143.73000000000002),(1240,'2023-04-30 00:53:09',56.74,'التامينات الاجتماعية',0,0),(1241,'2023-04-30 00:53:41',50,'مصروفات خارجية',1,6.521739130434782),(1242,'2023-04-30 00:54:40',656,'ديزل',1,85.56521739130434),(1243,'2023-04-30 00:55:21',729,'ديزل',1,95.08695652173913),(1244,'2023-04-30 00:55:52',650,'ديزل',1,84.78260869565217),(1245,'2023-04-30 00:56:22',250,'تعويض شماغ',0,0),(1246,'2023-04-30 00:56:53',1280.96,'ماء',1,167.08173913043478),(1247,'2023-04-30 00:57:24',88,'صرف صحي',0,0),(1248,'2023-04-30 00:58:00',250,'اصلاح المكبس',0,0),(1249,'2023-04-30 00:58:49',57.5,'مصروفات خارجية',1,7.5),(1250,'2023-04-30 00:59:07',23,'مصروفات خارجية',1,3),(1251,'2023-04-30 00:59:32',300,'منظفات',1,39.130434782608695),(1252,'2023-04-30 01:00:03',229.5,'منظفات',1,29.934782608695652),(1253,'2023-04-30 01:00:40',260,'منظفات',1,33.91304347826087),(1254,'2023-04-30 01:01:09',548,'منظفات',1,71.47826086956522),(1255,'2023-04-30 01:01:58',85,'بنزين',1,11.08695652173913),(1256,'2023-04-30 01:03:01',30,'ماء',0,0),(1257,'2023-04-30 01:03:36',57,'منظفات',1,7.434782608695652),(1258,'2023-04-30 01:04:40',25,'صيانة',0,0),(1259,'2023-04-30 01:05:40',150,'منظفات',1,19.565217391304348),(1260,'2023-04-30 01:06:14',30,'بنزين',1,3.9130434782608696),(1261,'2023-04-30 01:07:17',100.05,'منظفات',1,13.05),(1262,'2023-04-30 01:07:49',30,'منظفات',1,3.9130434782608696),(1263,'2023-04-30 01:08:27',250.01,'منظفات',1,32.61),(1264,'2023-04-30 01:09:03',51.75,'مصروفات خارجية',1,6.75),(1265,'2023-04-30 01:09:32',115,'منظفات',1,15),(1266,'2023-04-30 01:10:38',150,'منظفات',1,19.565217391304348),(1267,'2023-04-30 01:11:23',30,'بنزين',1,3.9130434782608696),(1268,'2023-04-30 01:12:14',57.5,'مصروفات خارجية',1,7.5),(1269,'2023-04-30 01:12:30',23,'مصروفات خارجية',1,3),(1270,'2023-05-01 00:56:59',85,'بنزين',1,11.08695652173913),(1271,'2023-05-01 00:57:19',30,'بنزين',1,3.9130434782608696),(1272,'2023-05-02 01:15:37',105,'منظفات',1,13.695652173913043),(1273,'2023-05-02 01:15:55',5,'ماء',0,0),(1274,'2023-05-02 01:16:06',30,'ماء',0,0),(1275,'2023-05-03 00:51:44',50,'منظفات',1,6.521739130434782),(1276,'2023-05-03 00:52:15',30,'بنزين',1,3.9130434782608696),(1277,'2023-05-03 00:52:34',75,'منظفات',1,9.782608695652174),(1278,'2023-05-05 00:37:14',30,'ماء',0,0),(1279,'2023-05-05 00:37:53',85,'بنزين',1,11.08695652173913),(1280,'2023-05-06 00:04:08',75,'بنزين',1,9.782608695652174),(1281,'2023-05-09 00:36:57',120.75,'منظفات',1,15.75),(1282,'2023-05-09 00:37:46',330.05,'منظفات',1,43.05),(1283,'2023-05-09 00:38:18',300,'منظفات',1,39.130434782608695),(1284,'2023-05-09 00:39:07',229.5,'منظفات',1,29.934782608695652),(1285,'2023-05-09 00:39:41',240.01,'منظفات',1,31.30565217391304),(1286,'2023-05-09 00:40:24',1844.01,'منظفات',1,240.5230434782609),(1287,'2023-05-10 00:32:44',75,'منظفات',1,9.782608695652174),(1288,'2023-05-10 00:33:03',30,'بنزين',1,3.9130434782608696),(1289,'2023-05-11 00:36:53',100,'منظفات',1,13.043478260869565),(1290,'2023-05-11 00:37:57',287.5,'انترنت',1,37.5),(1291,'2023-05-11 00:38:29',1362.75,'كهرباء',1,177.75),(1292,'2023-05-11 00:40:07',231.45,'انترنت',1,30.18913043478261),(1293,'2023-05-11 00:40:51',2647.65,'كهرباء',1,345.34565217391304),(1294,'2023-05-11 00:41:10',11.5,'كهرباء',1,1.5),(1295,'2023-05-11 00:42:21',81,'بنزين',1,10.565217391304348),(1296,'2023-05-11 00:44:54',4600,'',1,600),(1297,'2023-05-13 00:16:52',30,'بنزين',1,3.9130434782608696),(1298,'2023-05-14 00:26:10',2200,'ديزل',1,286.95652173913044),(1299,'2023-05-14 00:26:28',90,'بنزين',1,11.73913043478261),(1300,'2023-05-17 00:34:38',30,'بنزين',1,3.9130434782608696),(1301,'2023-05-17 00:34:59',91,'بنزين',1,11.869565217391305),(1302,'2023-05-17 00:35:12',150,'منظفات',1,19.565217391304348),(1303,'2023-05-18 01:28:33',407,'مصروفات سيارة',1,53.08695652173913),(1304,'2023-05-18 01:28:51',16,'مصروفات سيارة',1,2.0869565217391304),(1305,'2023-05-18 01:29:06',20,'مصروفات سيارة',1,2.608695652173913),(1306,'2023-05-18 01:29:25',30,'مصروفات سيارة',1,3.9130434782608696),(1307,'2023-05-18 01:29:41',7,'مصروفات سيارة',1,0.9130434782608695),(1308,'2023-05-19 00:37:38',87,'بنزين',1,11.347826086956522),(1309,'2023-05-19 00:38:13',131.75,'منظفات',1,17.184782608695652),(1310,'2023-05-19 00:38:51',99.8,'منظفات',1,13.017391304347827),(1311,'2023-05-20 02:08:08',23,'STC',1,3),(1312,'2023-05-20 02:08:32',57.5,'STC',1,7.5),(1313,'2023-05-20 02:09:18',45,'مصروفات سيارة',1,5.869565217391305),(1314,'2023-05-20 02:09:43',450,'منظفات',1,58.69565217391305),(1315,'2023-05-20 02:10:31',46,'مصروفات خارجية',1,6),(1316,'2023-05-20 02:11:06',40,'مصروفات خارجية',1,5.217391304347826),(1317,'2023-05-20 02:11:34',320,'منظفات',1,41.73913043478261),(1318,'2023-05-20 02:13:05',1138.13,'ماء',1,148.4517391304348),(1319,'2023-05-21 05:46:07',30,'بنزين',1,3.9130434782608696),(1320,'2023-05-21 05:46:27',288,'منظفات',1,37.56521739130435),(1321,'2023-05-21 05:46:42',28,'منظفات',1,3.652173913043478),(1322,'2023-05-22 00:59:00',30,'بنزين',1,3.9130434782608696),(1323,'2023-05-23 00:22:28',90,'بنزين',1,11.73913043478261),(1324,'2023-05-23 00:22:39',100,'منظفات',1,13.043478260869565),(1325,'2023-05-25 00:46:10',30,'بنزين',1,3.9130434782608696),(1326,'2023-05-26 00:37:27',90,'بنزين',1,11.73913043478261),(1327,'2023-05-27 00:02:21',94.5,'منظفات',1,12.326086956521738),(1328,'2023-05-29 00:30:35',90,'بنزين',1,11.73913043478261),(1329,'2023-05-29 00:31:04',30,'بنزين',1,3.9130434782608696),(1330,'2023-05-29 00:31:36',215,'منظفات',1,28.043478260869566),(1331,'2023-05-29 00:31:52',57,'منظفات',1,7.434782608695652),(1332,'2023-05-08 00:33:03',230.81,'منظفات',1,30.105652173913043),(1333,'2023-05-27 00:33:26',340.73,'منظفات',1,44.443043478260876),(1334,'2023-05-30 00:33:58',837,'منظفات',1,109.17391304347827),(1335,'2023-05-30 00:34:23',120.46,'منظفات',1,15.712173913043477),(1336,'2023-05-31 00:29:46',30,'بنزين',1,3.9130434782608696),(1337,'2023-05-31 00:30:13',100,'منظفات',1,13.043478260869565),(1338,'2023-05-31 00:30:51',2058,'ديزل',1,268.4347826086956),(1339,'2023-06-01 00:42:40',90,'بنزين',1,11.73913043478261),(1340,'2023-06-01 00:43:08',17.5,'منظفات',1,2.282608695652174),(1341,'2023-06-04 00:38:02',46,'منظفات',1,6),(1342,'2023-06-04 00:38:43',16.95,'منظفات',1,2.2108695652173913),(1343,'2023-06-04 00:39:05',90,'بنزين',1,11.73913043478261),(1344,'2023-06-06 00:23:02',176,'صرف صحي',1,22.956521739130434),(1345,'2023-06-06 00:23:33',90,'بنزين',1,11.73913043478261),(1346,'2023-06-06 00:24:10',176,'صرف صحي',1,22.956521739130434),(1347,'2023-06-06 00:24:36',100,'منظفات',1,13.043478260869565),(1348,'2023-06-06 00:24:54',57,'منظفات',1,7.434782608695652),(1349,'2023-06-06 00:25:14',30,'بنزين',1,3.9130434782608696),(1350,'2023-06-08 00:30:13',57.5,'STC',1,7.5),(1351,'2023-06-08 00:30:28',20,'STC',1,2.608695652173913),(1352,'2023-06-08 00:30:56',422,'منظفات',1,55.04347826086956),(1353,'2023-06-09 00:27:37',90,'بنزين',1,11.73913043478261),(1354,'2023-06-10 00:19:32',30,'بنزين',1,3.9130434782608696),(1355,'2023-06-10 00:19:44',100,'منظفات',1,13.043478260869565),(1356,'2023-06-11 00:25:09',90,'بنزين',1,11.73913043478261),(1357,'2023-06-12 00:40:42',4,'مصروفات خارجية',1,0.5217391304347826),(1358,'2023-06-12 00:41:02',30,'بنزين',1,3.9130434782608696),(1359,'2023-06-12 00:41:19',50,'منظفات',1,6.521739130434782),(1360,'2023-06-12 00:41:37',250,'منظفات',1,32.608695652173914),(1361,'2023-06-12 00:41:53',155,'مصروفات خارجية',1,20.217391304347824),(1362,'2023-06-13 00:34:53',2672.83,'كهرباء',1,348.63),(1363,'2023-06-13 00:35:15',11.5,'كهرباء',1,1.5),(1364,'2023-06-13 00:36:08',287.5,'الانترنت',1,37.5),(1365,'2023-06-13 00:36:34',1072.59,'ماء',1,139.90304347826086),(1366,'2023-06-13 00:39:42',115.4,'منظفات',1,15.052173913043479),(1367,'2023-06-13 00:41:33',219.75,'منظفات',1,28.66304347826087),(1368,'2023-06-13 00:42:05',455,'منظفات',1,59.34782608695652),(1369,'2023-06-13 00:42:43',1452,'منظفات',1,189.3913043478261),(1370,'2023-06-13 00:43:57',57.5,'منظفات',1,7.5),(1371,'2023-06-13 00:44:18',23,'منظفات',1,3),(1372,'2023-06-13 00:44:48',391.98,'منظفات',1,51.12782608695653),(1373,'2023-06-14 00:18:07',45,'مصروفات خارجية',1,5.869565217391305),(1374,'2023-06-14 00:18:27',90,'بنزين',1,11.73913043478261),(1375,'2023-06-14 00:38:13',30,'مصروفات خارجية',1,3.9130434782608696),(1376,'2023-06-14 00:38:30',24,'منظفات',1,3.130434782608696),(1377,'2023-06-14 00:38:47',97,'منظفات',1,12.652173913043478),(1378,'2023-06-14 00:39:07',30,'بنزين',1,3.9130434782608696),(1379,'2023-06-14 00:39:41',379.5,'منظفات',1,49.5),(1380,'2023-06-15 01:38:31',1,'مصروفات خارجية',1,0.13043478260869565),(1381,'2023-06-15 23:58:13',450,'منظفات',1,58.69565217391305),(1382,'2023-06-15 23:58:47',1314,'منظفات',1,171.3913043478261),(1383,'2023-06-15 23:59:09',320,'منظفات',1,41.73913043478261),(1384,'2023-06-15 23:59:32',2,'مصروفات خارجية',1,0.2608695652173913),(1385,'2023-06-16 00:00:21',260,'مصروفات خارجية',1,33.91304347826087),(1386,'2023-06-16 00:00:42',200,'منظفات',1,26.08695652173913),(1387,'2023-06-16 00:01:59',1908.66,'كهرباء',1,248.95565217391305),(1388,'2023-06-16 00:02:37',287.5,'مصروفات خارجية',1,37.5),(1389,'2023-06-16 00:04:14',379.5,'مصروفات خارجية',1,49.5),(1390,'2023-06-17 15:57:44',90,'بنزين',1,11.73913043478261),(1391,'2023-06-17 15:58:01',30,'بنزين',1,3.9130434782608696),(1392,'2023-06-18 00:37:23',100,'منظفات',1,13.043478260869565),(1393,'2023-06-18 00:37:43',30,'بنزين',1,3.9130434782608696),(1394,'2023-06-19 00:41:56',200,'منظفات',1,26.08695652173913),(1395,'2023-06-19 00:42:13',90,'بنزين',1,11.73913043478261),(1396,'2023-06-22 00:36:08',90,'بنزين',1,11.73913043478261),(1397,'2023-06-22 00:36:30',690,'منظفات',1,90),(1398,'2023-06-22 00:36:47',100,'منظفات',1,13.043478260869565),(1399,'2023-06-22 00:36:58',100,'منظفات',1,13.043478260869565),(1400,'2023-06-23 00:31:42',50,'منظفات',1,6.521739130434782),(1401,'2023-06-23 00:32:05',30,'بنزين',1,3.9130434782608696),(1402,'2023-06-23 00:32:17',50,'مصروفات خارجية',1,6.521739130434782),(1403,'2023-06-24 00:25:29',46,'منظفات',1,6),(1404,'2023-06-25 00:37:31',100,'منظفات',1,13.043478260869565),(1405,'2023-06-26 00:44:51',43,'منظفات',1,5.608695652173913),(1406,'2023-06-26 00:45:18',90,'بنزين',1,11.73913043478261),(1407,'2023-06-27 00:52:38',185,'منظفات',1,24.130434782608695),(1408,'2023-06-27 00:52:58',30,'بنزين',1,3.9130434782608696),(1409,'2023-06-27 00:53:39',816,'منظفات',1,106.43478260869566),(1410,'2023-06-28 03:47:06',2134,'ديزل',1,278.3478260869565),(1411,'2023-07-02 00:47:58',50,'بنزين',1,6.521739130434782),(1412,'2023-07-02 00:48:25',50,'منظفات',1,6.521739130434782),(1413,'2023-07-02 00:48:46',30,'بنزين',1,3.9130434782608696),(1414,'2023-07-02 00:49:15',247,'منظفات',1,32.21739130434783),(1415,'2023-07-03 00:40:25',1550,'منظفات',1,202.17391304347825),(1416,'2023-07-03 00:40:49',55,'ديزل',1,7.173913043478261),(1417,'2023-07-04 00:31:25',700,'شركة روازن',1,91.30434782608695),(1418,'2023-07-04 00:32:50',180.09,'سديم بلس',1,23.49),(1419,'2023-07-04 00:33:53',271.17,'الجزيرة تكافل تعاوني',1,35.370000000000005),(1420,'2023-07-04 00:34:52',55,'ديزل',1,7.173913043478261),(1421,'2023-07-05 00:49:48',90,'بنزين',1,11.73913043478261),(1422,'2023-07-05 00:58:03',185,'منظفات',1,24.130434782608695),(1423,'2023-07-05 00:58:23',30,'بنزين',1,3.9130434782608696),(1424,'2023-07-05 00:58:43',18,'منظفات',1,2.347826086956522),(1425,'2023-07-06 00:22:29',20,'STC',1,2.608695652173913),(1426,'2023-07-06 00:22:50',57.5,'STC',1,7.5),(1427,'2023-07-06 00:23:02',100,'منظفات',1,13.043478260869565),(1428,'2023-07-07 02:03:04',30,'بنزين',1,3.9130434782608696),(1429,'2023-07-07 02:03:21',95,'منظفات',1,12.391304347826088),(1430,'2023-07-08 00:21:06',90,'بنزين',1,11.73913043478261),(1431,'2023-07-09 00:35:10',95,'منظفات',1,12.391304347826088),(1432,'2023-07-10 00:26:02',60,'مصروفات خارجية',1,7.826086956521739),(1433,'2023-07-10 00:26:50',15,'مصروفات خارجية',1,1.9565217391304348),(1434,'2023-07-10 00:27:09',30,'بنزين',1,3.9130434782608696),(1435,'2023-07-10 00:27:31',172.99,'منظفات',1,22.563913043478266),(1436,'2023-07-10 00:28:14',287.5,'انترنت',1,37.5),(1437,'2023-07-10 00:28:56',1899.69,'كهرباء',1,247.78565217391306),(1438,'2023-07-10 00:31:41',287.5,'انترنت',1,37.5),(1439,'2023-07-10 00:32:29',2743.21,'كهرباء',1,357.81),(1440,'2023-07-10 00:32:51',11.5,'كهرباء',1,1.5),(1441,'2023-07-11 00:25:59',90,'بنزين',1,11.73913043478261),(1442,'2023-07-13 00:44:59',90,'بنزين',1,11.73913043478261),(1443,'2023-07-13 00:45:28',46,'منظفات',1,6),(1444,'2023-07-13 00:45:57',59.98,'منظفات',1,7.823478260869565),(1445,'2023-07-13 00:49:24',1194,'منظفات',1,155.7391304347826),(1446,'2023-07-13 00:49:47',450,'منظفات',1,58.69565217391305),(1447,'2023-07-13 00:50:16',23,'مصروفات خارجية',1,3),(1448,'2023-07-13 00:50:50',57.5,'مصروفات خارجية',1,7.5),(1449,'2023-07-13 00:51:40',276.58,'منظفات',1,36.07565217391304),(1450,'2023-07-13 00:52:15',770,'منظفات',1,100.43478260869566),(1451,'2023-07-13 00:52:47',317,'منظفات',1,41.34782608695652),(1452,'2023-07-13 00:53:33',160,'منظفات',1,20.869565217391305),(1453,'2023-07-13 00:54:03',40,'مصروفات خارجية',1,5.217391304347826),(1454,'2023-07-13 00:54:39',299.4,'منظفات',1,39.052173913043475),(1455,'2023-07-13 00:55:26',48.3,'مصروفات خارجية',1,6.3),(1456,'2023-07-13 00:56:12',100.05,'مصروفات خارجية',1,13.05),(1457,'2023-07-14 02:04:03',154.7,'منظفات',1,20.178260869565218),(1458,'2023-07-14 02:04:22',275,'منظفات',1,35.869565217391305),(1459,'2023-07-15 00:21:13',30,'منظفات',1,3.9130434782608696),(1460,'2023-07-15 00:21:34',95,'بنزين',1,12.391304347826088),(1461,'2023-07-16 22:18:06',860,'دينمو',1,112.17391304347827),(1462,'2023-07-17 00:41:33',90,'بنزين',1,11.73913043478261),(1463,'2023-07-18 00:33:06',60,'مصروفات خارجية',1,7.826086956521739),(1464,'2023-07-18 00:34:04',1067.25,'ماء',1,139.20652173913044),(1465,'2023-07-19 00:00:53',460,'مصروفات خارجية',1,60),(1466,'2023-07-19 00:30:23',30,'بنزين',1,3.9130434782608696),(1467,'2023-07-19 00:30:33',100,'منظفات',1,13.043478260869565),(1468,'2023-07-19 00:30:47',140,'منظفات',1,18.26086956521739),(1469,'2023-07-19 00:38:34',2070,'تم للمرور',1,270),(1470,'2023-07-20 00:41:56',90,'بنزين',1,11.73913043478261),(1471,'2023-07-20 00:42:17',34.5,'مصروفات خارجية',1,4.5),(1472,'2023-07-20 00:42:29',6,'مصروفات خارجية',1,0.782608695652174),(1473,'2023-07-21 00:36:24',96,'منظفات',1,12.521739130434783),(1474,'2023-07-21 00:36:45',91.8,'منظفات',1,11.97391304347826),(1475,'2023-07-23 01:18:23',318,'منظفات',1,41.47826086956522),(1476,'2023-07-23 01:18:45',47,'منظفات',1,6.130434782608695),(1477,'2023-07-23 01:19:06',90,'بنزين',1,11.73913043478261),(1478,'2023-07-26 01:24:39',90,'بنزين',1,11.73913043478261),(1479,'2023-07-26 01:25:14',235,'منظفات',1,30.652173913043477),(1480,'2023-07-26 01:25:33',114.75,'منظفات',1,14.967391304347826),(1481,'2023-07-27 00:52:03',115,'منظفات',1,15),(1482,'2023-07-28 00:55:02',30,'بنزين',1,3.9130434782608696),(1483,'2023-07-28 00:55:16',150,'منظفات',1,19.565217391304348),(1484,'2023-07-29 01:44:36',89.99,'بنزين',1,11.73782608695652),(1485,'2023-07-29 23:58:05',57.5,'STC',1,7.5),(1486,'2023-07-29 23:58:36',23,'STC',1,3),(1487,'2023-07-29 23:59:04',166,'منظفات',1,21.652173913043477),(1488,'2023-07-29 23:59:35',103.5,'منظفات',1,13.5),(1489,'2023-07-30 00:00:15',450,'منظفات',1,58.69565217391305),(1490,'2023-07-30 00:05:19',229.5,'منظفات',1,29.934782608695652),(1491,'2023-07-30 00:41:17',48,'منظفات',1,6.260869565217392),(1492,'2023-07-30 00:41:36',30,'بنزين',1,3.9130434782608696),(1493,'2023-07-31 00:46:28',95,'منظفات',1,12.391304347826088),(1494,'2023-07-31 23:54:06',30,'بنزين',1,3.9130434782608696),(1495,'2023-08-01 00:00:43',90,'بنزين',1,11.73913043478261),(1496,'2023-08-02 05:01:27',1476,'ديزل',1,192.52173913043478),(1497,'2023-08-02 05:01:51',1000,'ديزل',1,130.43478260869566),(1498,'2023-08-02 05:02:15',1000,'ديزل',1,130.43478260869566),(1499,'2023-08-03 01:11:18',40.25,'مصروفات خارجية',1,5.25),(1500,'2023-08-04 05:21:27',57.5,'STC',1,7.5),(1501,'2023-08-04 05:21:41',20,'STC',1,2.608695652173913),(1502,'2023-08-04 05:22:04',110.01,'منظفات',1,14.349130434782609),(1503,'2023-08-04 05:22:20',95,'منظفات',1,12.391304347826088),(1504,'2023-08-04 05:22:42',99.8,'منظفات',1,13.017391304347827),(1505,'2023-08-05 03:25:48',30,'بنزين',1,3.9130434782608696),(1506,'2023-08-05 03:26:05',105,'منظفات',1,13.695652173913043),(1507,'2023-08-05 03:26:22',90,'بنزين',1,11.73913043478261),(1508,'2023-08-05 03:27:15',94.88,'مصروفات خارجية',1,12.375652173913043),(1509,'2023-08-05 03:31:18',101.75,'منظفات',1,13.271739130434783),(1510,'2023-08-06 00:40:41',30,'بنزين',1,3.9130434782608696),(1511,'2023-08-06 00:40:54',25,'مصروفات خارجية',1,3.260869565217391),(1512,'2023-08-08 00:26:32',90,'بنزين',1,11.73913043478261),(1513,'2023-08-08 00:26:44',480,'منظفات',1,62.608695652173914),(1514,'2023-08-09 00:29:34',90,'بنزين',1,11.73913043478261),(1515,'2023-08-09 00:29:54',180,'منظفات',1,23.47826086956522),(1516,'2023-08-09 00:30:31',99.8,'منظفات',1,13.017391304347827),(1517,'2023-08-10 00:30:11',30,'بنزين',1,3.9130434782608696),(1518,'2023-08-10 00:30:30',384,'منظفات',1,50.08695652173913),(1519,'2023-08-10 00:31:15',287.5,'الانترنت',1,37.5),(1520,'2023-08-10 00:31:49',2531.04,'كهرباء',1,330.13565217391306),(1521,'2023-08-10 00:32:23',575,'عقد صيانة',1,75),(1522,'2023-08-10 00:33:00',287.5,'انترنت',1,37.5),(1523,'2023-08-10 00:33:31',11.5,'كهرباء',1,1.5),(1524,'2023-08-10 00:34:07',3033.36,'كهرباء',1,395.65565217391304),(1525,'2023-08-10 13:29:02',2731.25,'كاميرات',1,356.25),(1526,'2023-08-10 13:29:15',70,'مصروفات خارجية',1,9.130434782608695),(1527,'2023-08-10 13:29:28',30,'مصروفات خارجية',1,3.9130434782608696),(1528,'2023-08-11 02:11:56',90,'بنزين',1,11.73913043478261),(1529,'2023-08-12 00:50:50',73.03,'منظفات',1,9.525652173913043),(1530,'2023-08-12 00:51:15',229.66,'منظفات',1,29.955652173913045),(1531,'2023-08-12 00:52:01',316.52,'منظفات',1,41.28521739130434),(1532,'2023-08-12 00:52:35',391.3,'منظفات',1,51.03913043478261),(1533,'2023-08-12 00:53:11',39,'مصروفات خارجية',1,5.086956521739131),(1534,'2023-08-12 00:53:43',5,'مصروفات خارجية',1,0.6521739130434783),(1535,'2023-08-12 00:54:13',24.01,'مصروفات خارجية',1,3.131739130434783),(1536,'2023-08-12 00:54:40',20.01,'مصروفات خارجية',1,2.6100000000000003),(1537,'2023-08-12 00:55:07',100.28,'مصروفات سيارة',1,13.08),(1538,'2023-08-12 00:55:43',277.45,'منظفات',1,36.18913043478261),(1539,'2023-08-12 00:56:08',1230,'منظفات',1,160.43478260869566),(1540,'2023-08-12 00:56:34',10,'مصروفات خارجية',1,1.3043478260869565),(1541,'2023-08-12 00:57:16',276,'منظفات',1,36),(1542,'2023-08-13 05:55:01',297.49,'منظفات',1,38.803043478260875),(1543,'2023-08-13 05:55:26',256,'منظفات',1,33.391304347826086),(1544,'2023-08-13 05:55:48',30,'بنزين',1,3.9130434782608696),(1545,'2023-08-13 05:56:13',184,'منظفات',1,24),(1546,'2023-08-14 05:52:09',90,'بنزين',1,11.73913043478261),(1547,'2023-08-15 00:33:52',30,'بنزين',1,3.9130434782608696),(1548,'2023-08-16 01:03:11',70,'مصروفات خارجية',1,9.130434782608695),(1549,'2023-08-17 06:52:37',90,'بنزين',1,11.73913043478261),(1550,'2023-08-17 06:52:54',30,'بنزين',1,3.9130434782608696),(1551,'2023-08-17 06:53:23',207.35,'منظفات',1,27.045652173913044),(1552,'2023-08-17 14:10:37',26713.67,'مصروفات خارجية',1,3484.391739130435),(1553,'2023-08-18 00:38:44',1151.37,'ماء',1,150.1786956521739),(1554,'2023-08-19 00:41:01',100,'منظفات',1,13.043478260869565),(1555,'2023-08-20 00:36:29',63.25,'مصروفات خارجية',1,8.25),(1556,'2023-08-20 11:46:15',45,'مصروفات خارجية',1,5.869565217391305),(1557,'2023-08-20 11:46:40',29,'مصروفات خارجية',1,3.782608695652174),(1558,'2023-08-21 00:31:35',90,'بنزين',1,11.73913043478261),(1559,'2023-08-21 00:31:53',30,'بنزين',1,3.9130434782608696),(1560,'2023-08-21 00:33:12',3548,'مصروفات خارجية',1,462.7826086956522),(1561,'2023-08-23 00:50:56',90,'بنزين',1,11.73913043478261),(1562,'2023-08-24 11:37:34',55,'مصروفات خارجية',1,7.173913043478261),(1563,'2023-08-25 00:33:15',30,'بنزين',1,3.9130434782608696),(1564,'2023-08-25 00:33:32',90,'بنزين',1,11.73913043478261),(1565,'2023-08-25 00:40:59',30,'مصروفات خارجية',1,3.9130434782608696),(1566,'2023-08-25 00:41:27',110,'منظفات',1,14.347826086956522),(1567,'2023-08-25 00:41:57',229.5,'منظفات',1,29.934782608695652),(1568,'2023-08-25 00:42:24',300,'منظفات',1,39.130434782608695),(1569,'2023-08-25 00:42:47',46,'مصروفات خارجية',1,6),(1570,'2023-08-25 00:43:30',57.5,'مصروفات خارجية',1,7.5),(1571,'2023-08-25 00:43:43',23,'مصروفات خارجية',1,3),(1572,'2023-08-25 00:44:30',230,'مصروفات خارجية',1,30),(1573,'2023-08-25 00:45:19',450,'منظفات',1,58.69565217391305),(1574,'2023-08-25 00:45:54',185.45,'منظفات',1,24.18913043478261),(1575,'2023-08-25 00:46:51',86,'منظفات',1,11.217391304347826),(1576,'2023-08-25 00:47:10',1460,'منظفات',1,190.43478260869566),(1577,'2023-08-28 00:43:33',90,'بنزين',1,11.73913043478261),(1578,'2023-08-28 00:43:50',30,'بنزين',1,3.9130434782608696),(1579,'2023-08-28 00:44:29',415,'منظفات',1,54.130434782608695),(1580,'2023-08-29 00:50:06',287.5,'منظفات',1,37.5),(1581,'2023-08-31 00:44:29',180,'مصروفات خارجية',1,23.47826086956522),(1582,'2023-08-31 00:45:09',19127.38,'مصروفات خارجية',1,2494.8756521739133),(1583,'2023-08-31 00:54:01',50,'ديزل',1,6.521739130434782),(1584,'2023-08-31 00:54:25',100,'ديزل',1,13.043478260869565),(1585,'2023-08-31 00:54:47',30,'بنزين',1,3.9130434782608696),(1586,'2023-09-01 00:46:59',90,'بنزين',1,11.73913043478261),(1587,'2023-09-01 00:47:18',240,'مصروفات خارجية',1,31.304347826086957),(1588,'2023-09-03 01:21:54',740,'منظفات',1,96.52173913043478),(1589,'2023-09-03 01:22:13',30,'بنزين',1,3.9130434782608696),(1590,'2023-09-03 01:22:35',138,'منظفات',1,18),(1591,'2023-09-03 01:23:01',57.5,'مصروفات خارجية',1,7.5),(1592,'2023-09-03 01:23:14',20,'مصروفات خارجية',1,2.608695652173913),(1593,'2023-09-03 01:23:27',96,'منظفات',1,12.521739130434783),(1594,'2023-09-03 19:17:44',4800,'ديزل',1,626.0869565217391),(1595,'2023-09-04 00:39:19',2600,'ديزل',1,339.1304347826087),(1596,'2023-09-04 00:39:52',83,'بنزين',1,10.826086956521738),(1597,'2023-09-04 00:40:44',4871.34,'مصروفات خارجية',1,635.3921739130435),(1598,'2023-09-04 00:41:21',1672,'منظفات',1,218.08695652173913),(1599,'2023-09-05 00:42:04',180,'مصروفات خارجية',1,23.47826086956522),(1600,'2023-09-05 00:46:10',4999,'مصروفات خارجية',1,652.0434782608696),(1601,'2023-09-06 00:37:47',90,'بنزين',1,11.73913043478261),(1602,'2023-09-06 00:38:15',51.75,'مصروفات خارجية',1,6.75),(1603,'2023-09-07 00:45:24',15,'ديزل',1,1.9565217391304348),(1604,'2023-09-07 00:46:21',6090,'مصروفات خارجية',1,794.3478260869565),(1605,'2023-09-08 00:41:45',660,'منظفات',1,86.08695652173913),(1606,'2023-09-08 00:42:02',30,'بنزين',1,3.9130434782608696),(1607,'2023-09-08 00:42:21',140,'مصروفات خارجية',1,18.26086956521739),(1608,'2023-09-08 00:47:08',230.23,'منظفات',1,30.029999999999998),(1609,'2023-09-08 00:47:26',510,'منظفات',1,66.52173913043478),(1610,'2023-09-08 00:47:50',230.81,'منظفات',1,30.105652173913043),(1611,'2023-09-08 00:48:21',249.5,'منظفات',1,32.54347826086956),(1612,'2023-09-08 00:48:44',480,'منظفات',1,62.608695652173914),(1613,'2023-09-08 00:49:07',239,'منظفات',1,31.17391304347826),(1614,'2023-09-09 00:31:35',85,'بنزين',1,11.08695652173913),(1615,'2023-09-09 00:31:45',130,'مصروفات خارجية',1,16.956521739130434),(1616,'2023-09-11 00:37:34',2412.36,'كهرباء',1,314.65565217391304),(1617,'2023-09-11 00:38:26',287.5,'انترنت',1,37.5),(1618,'2023-09-11 00:38:55',30,'بنزين',1,3.9130434782608696),(1619,'2023-09-11 00:39:30',50,'منظفات',1,6.521739130434782),(1620,'2023-09-11 00:40:11',1201.86,'ماء',1,156.76434782608695),(1621,'2023-09-11 00:40:42',287.5,'انترنت',1,37.5),(1622,'2023-09-11 00:41:21',2567.61,'كهرباء',1,334.90565217391304),(1623,'2023-09-11 00:42:05',11.5,'كهرباء',1,1.5),(1624,'2023-09-12 00:34:59',84,'بنزين',1,10.956521739130435),(1625,'2023-09-14 00:26:48',30,'بنزين',1,3.9130434782608696),(1626,'2023-09-15 00:28:46',90.03,'بنزين',1,11.74304347826087),(1628,'2023-09-17 00:38:09',20,'ديزل',1,2.608695652173913),(1629,'2023-09-18 00:26:22',460,'مصروفات سيارة',1,60),(1630,'2023-09-18 00:26:36',60,'منظفات',1,7.826086956521739),(1631,'2023-09-18 00:26:56',189.5,'منظفات',1,24.717391304347824),(1632,'2023-09-18 00:27:21',9.2,'مصروفات خارجية',1,1.2),(1633,'2023-09-18 00:27:41',30,'بنزين',1,3.9130434782608696),(1634,'2023-09-18 00:29:11',1080.01,'مصروفات خارجية',1,140.8708695652174),(1635,'2023-09-18 00:29:59',504.51,'مصروفات خارجية',1,65.80565217391305),(1636,'2023-09-18 00:30:37',483,'مصروفات خارجية',1,63),(1637,'2023-09-18 00:31:14',3548,'مصروفات خارجية',1,462.7826086956522),(1638,'2023-09-18 00:31:47',1822.75,'مصروفات خارجية',1,237.75),(1639,'2023-09-19 00:25:39',85,'بنزين',1,11.08695652173913),(1640,'2023-09-19 00:26:12',6090,'مصروفات خارجية',1,794.3478260869565),(1641,'2023-09-20 00:36:54',30,'بنزين',1,3.9130434782608696),(1642,'2023-09-21 00:49:02',90,'بنزين',1,11.73913043478261),(1643,'2023-09-22 00:34:00',23,'stc',1,3),(1644,'2023-09-22 00:34:23',57.5,'stc',1,7.5),(1645,'2023-09-22 00:34:49',485,'منظفات',1,63.26086956521739),(1646,'2023-09-22 00:35:21',395.66,'منظفات',1,51.60782608695653),(1647,'2023-09-22 00:35:45',450,'منظفات',1,58.69565217391305),(1648,'2023-09-22 00:36:15',249.5,'منظفات',1,32.54347826086956),(1649,'2023-09-22 00:36:40',50,'منظفات',1,6.521739130434782),(1650,'2023-09-22 00:37:17',148.96,'منظفات',1,19.429565217391303),(1651,'2023-09-22 00:37:37',1250,'منظفات',1,163.04347826086956),(1652,'2023-09-22 00:37:58',20,'مصروفات خارجية',1,2.608695652173913),(1653,'2023-09-22 00:38:16',10,'مصروفات خارجية',1,1.3043478260869565),(1654,'2023-09-22 00:38:40',17,'مصروفات خارجية',1,2.217391304347826),(1655,'2023-09-22 00:39:06',156.15,'مصروفات خارجية',1,20.367391304347827),(1656,'2023-09-22 23:56:15',43,'منظفات',1,5.608695652173913),(1657,'2023-09-24 00:18:50',30,'بنزين',1,3.9130434782608696),(1658,'2023-09-25 01:06:15',52.5,'منظفات',1,6.8478260869565215),(1659,'2023-09-25 01:06:47',90.03,'بنزين',1,11.74304347826087),(1660,'2023-09-25 01:07:58',1413.07,'مصروفات سيارة',1,184.31347826086957),(1661,'2023-09-25 01:08:37',1000.5,'مصروفات خارجية',1,130.5),(1662,'2023-09-25 01:09:08',3423.65,'مصروفات خارجية',1,446.56304347826085),(1663,'2023-09-25 01:09:34',828,'مصروفات خارجية',1,108),(1664,'2023-09-25 01:10:09',132.25,'مصروفات خارجية',1,17.25),(1665,'2023-09-25 01:11:00',131.1,'مصروفات خارجية',1,17.1),(1666,'2023-09-25 01:11:34',350.75,'مصروفات خارجية',1,45.75),(1667,'2023-09-27 00:26:30',92.02,'بنزين',1,12.002608695652173),(1668,'2023-09-27 00:26:55',30,'بنزين',1,3.9130434782608696),(1669,'2023-09-29 00:45:55',51.75,'مصروفات خارجية',1,6.75),(1670,'2023-09-30 00:28:45',2000,'ديزل',1,260.8695652173913),(1671,'2023-09-30 01:05:31',99.9,'منظفات',1,13.030434782608696),(1672,'2023-09-30 01:06:03',722,'منظفات',1,94.17391304347827),(1673,'2023-10-01 00:01:15',100,'ديزل',1,13.043478260869565),(1674,'2023-10-01 00:05:15',30,'بنزين',1,3.9130434782608696),(1675,'2023-10-01 00:05:44',75.9,'منظفات',1,9.9),(1676,'2023-10-01 01:10:44',85.04,'بنزين',1,11.09217391304348),(1677,'2023-10-02 01:30:07',2600,'ديزل',1,339.1304347826087),(1678,'2023-10-02 01:30:37',23,'stc',1,3),(1679,'2023-10-02 01:31:01',57.5,'stc',1,7.5),(1680,'2023-10-03 01:03:30',30,'منظفات',1,3.9130434782608696),(1681,'2023-10-03 01:04:02',1082.48,'منظفات',1,141.19304347826088),(1682,'2023-10-04 01:43:25',90,'بنزين',1,11.73913043478261),(1683,'2023-10-04 01:43:42',25,'مصروفات خارجية',1,3.260869565217391),(1684,'2023-10-04 01:43:54',110,'مصروفات خارجية',1,14.347826086956522),(1685,'2023-10-05 00:44:37',2500,'ديزل',1,326.0869565217391),(1686,'2023-10-05 00:44:58',199.75,'منظفات',1,26.054347826086957),(1687,'2023-10-07 00:36:26',90.01,'بنزين',1,11.740434782608697),(1688,'2023-10-07 09:22:06',268,'مصروفات خارجية',1,34.95652173913044),(1689,'2023-10-07 09:22:59',4864.01,'مصروفات خارجية',1,634.4360869565218),(1690,'2023-10-07 09:23:34',150.65,'مصروفات خارجية',1,19.65),(1691,'2023-10-07 09:24:07',1371.66,'مصروفات خارجية',1,178.9121739130435),(1692,'2023-10-07 15:23:59',68,'منظفات',1,8.869565217391305),(1693,'2023-10-07 15:24:17',450,'منظفات',1,58.69565217391305),(1694,'2023-10-07 15:25:05',389.51,'منظفات',1,50.80565217391304),(1695,'2023-10-07 15:25:39',149.85,'منظفات',1,19.545652173913044),(1696,'2023-10-07 15:26:09',42,'منظفات',1,5.478260869565218),(1697,'2023-10-07 15:26:38',1892,'منظفات',1,246.7826086956522),(1698,'2023-10-08 00:49:10',30,'بنزين',1,3.9130434782608696),(1699,'2023-10-09 00:31:04',85,'بنزين',1,11.08695652173913),(1700,'2023-10-09 15:26:38',32,'مصروفات خارجية',1,4.173913043478261),(1701,'2023-10-10 00:54:04',57.5,'STC',1,7.5),(1702,'2023-10-10 00:54:19',23,'STC',1,3),(1703,'2023-10-10 00:54:30',23,'',1,3),(1704,'2023-10-11 01:12:41',2504.13,'كهرباء',1,326.62565217391307),(1705,'2023-10-11 01:13:09',287.5,'stc',1,37.5),(1706,'2023-10-11 01:13:43',2266.08,'كهرباء',1,295.575652173913),(1707,'2023-10-11 01:14:05',11.5,'كهرباء',1,1.5),(1708,'2023-10-11 01:14:33',542.87,'كهرباء',1,70.80913043478262),(1709,'2023-10-11 01:15:01',1153.38,'ماء',1,150.4408695652174),(1710,'2023-10-11 01:15:29',287.5,'stc',1,37.5),(1711,'2023-10-11 01:15:30',287.5,'stc',1,37.5),(1712,'2023-10-12 00:28:31',85,'بنزين',1,11.08695652173913),(1713,'2023-10-12 00:28:46',480,'منظفات',1,62.608695652173914),(1714,'2023-10-12 00:29:13',100.05,'مصروفات سيارة',1,13.05),(1715,'2023-10-12 00:29:34',1198,'منظفات',1,156.2608695652174),(1716,'2023-10-14 00:50:39',30,'مصروفات سيارة',1,3.9130434782608696),(1717,'2023-10-14 00:50:53',10,'مصروفات سيارة',1,1.3043478260869565),(1718,'2023-10-16 00:50:56',85,'مصروفات سيارة',1,11.08695652173913),(1719,'2023-10-17 00:46:18',200,'منظفات',1,26.08695652173913),(1720,'2023-10-17 00:46:28',30,'مصروفات سيارة',1,3.9130434782608696),(1721,'2023-10-17 00:46:52',432,'منظفات',1,56.34782608695652),(1722,'2023-10-18 00:20:40',85,'مصروفات سيارة',1,11.08695652173913),(1723,'2023-10-18 00:20:54',80,'مصروفات خارجية',1,10.434782608695652),(1724,'2023-10-19 00:37:44',2063.1,'التثقيف الصحي',1,269.1),(1725,'2023-10-21 00:26:50',20,'مصروفات سيارة',1,2.608695652173913),(1726,'2023-10-22 00:33:20',85,'مصروفات سيارة',1,11.08695652173913),(1727,'2023-10-22 00:33:35',3,'مصروفات خارجية',1,0.391304347826087),(1728,'2023-10-24 01:49:58',90,'مصروفات سيارة',1,11.73913043478261),(1729,'2023-10-25 00:29:13',50,'مصروفات سيارة',1,6.521739130434782),(1730,'2023-10-25 00:33:11',250,'منظفات',1,32.608695652173914),(1731,'2023-10-25 00:33:39',286.93,'مصروفات خارجية',1,37.42565217391304),(1732,'2023-10-25 00:34:12',57.5,'مصروفات خارجية',1,7.5),(1733,'2023-10-25 00:34:23',23,'مصروفات خارجية',1,3),(1734,'2023-10-25 00:34:52',230.12,'منظفات',1,30.015652173913043),(1735,'2023-10-25 00:35:17',69,'منظفات',1,9),(1736,'2023-10-25 00:35:40',450,'منظفات',1,58.69565217391305),(1737,'2023-10-25 00:36:20',34,'مصروفات خارجية',1,4.434782608695652),(1738,'2023-10-25 00:36:57',135,'مصروفات خارجية',1,17.608695652173914),(1739,'2023-10-25 00:37:19',70,'مصروفات خارجية',1,9.130434782608695),(1740,'2023-10-25 00:37:38',100,'منظفات',1,13.043478260869565),(1741,'2023-10-25 00:37:59',60,'مصروفات خارجية',1,7.826086956521739),(1742,'2023-10-25 00:38:26',45,'مصروفات خارجية',1,5.869565217391305),(1743,'2023-10-25 00:39:02',250,'منظفات',1,32.608695652173914),(1744,'2023-10-25 00:39:26',671,'منظفات',1,87.52173913043478),(1745,'2023-10-26 00:35:51',80,'مصروفات سيارة',1,10.434782608695652),(1746,'2023-10-26 00:36:06',880,'منظفات',1,114.78260869565217),(1747,'2023-10-27 00:15:44',199.8,'منظفات',1,26.06086956521739),(1748,'2023-10-28 00:34:38',470,'مصروفات خارجية',1,61.30434782608695),(1749,'2023-10-29 01:03:08',85,'مصروفات سيارة',1,11.08695652173913),(1750,'2023-10-29 20:13:34',45,'مصروفات خارجية',1,5.869565217391305),(1751,'2023-10-30 00:37:55',150,'منظفات',1,19.565217391304348),(1752,'2023-10-30 00:38:04',30,'مصروفات خارجية',1,3.9130434782608696),(1753,'2023-10-30 00:38:14',30,'مصروفات خارجية',1,3.9130434782608696),(1754,'2023-10-31 00:29:54',34.5,'مصروفات خارجية',1,4.5),(1755,'2023-10-31 00:30:04',80,'مصروفات سيارة',1,10.434782608695652),(1756,'2023-11-02 00:30:32',2500,'مصروفات خارجية',1,326.0869565217391),(1757,'2023-11-02 00:30:59',275.75,'منظفات',1,35.96739130434783),(1758,'2023-11-02 00:31:20',184,'منظفات',1,24),(1759,'2023-11-02 00:31:42',678.9,'منظفات',1,88.55217391304348),(1760,'2023-11-03 02:47:40',20,'مصروفات سيارة',1,2.608695652173913),(1761,'2023-11-03 02:47:54',85,'مصروفات سيارة',1,11.08695652173913),(1762,'2023-11-04 00:41:22',57.5,'مصروفات خارجية',1,7.5),(1763,'2023-11-06 00:29:10',30,'مصروفات سيارة',1,3.9130434782608696),(1764,'2023-11-06 00:29:22',80,'مصروفات سيارة',1,10.434782608695652),(1765,'2023-11-07 00:32:55',20,'مصروفات خارجية',1,2.608695652173913),(1766,'2023-11-08 00:58:52',46,'مصروفات خارجية',1,6),(1767,'2023-11-10 03:14:37',85,'مصروفات سيارة',1,11.08695652173913),(1768,'2023-11-10 03:15:28',150,'مصروفات خارجية',1,19.565217391304348),(1769,'2023-11-12 00:32:15',80,'مصروفات سيارة',1,10.434782608695652),(1770,'2023-11-12 00:32:34',31,'مصروفات سيارة',1,4.043478260869565),(1771,'2023-11-13 01:05:24',2300,'مصروفات خارجية',1,300),(1772,'2023-11-13 01:06:10',287.5,'مصروفات خارجية',1,37.5),(1773,'2023-11-13 01:06:39',1729.6,'كهرباء',1,225.6),(1774,'2023-11-13 01:07:07',11.5,'كهرباء',1,1.5),(1775,'2023-11-13 01:07:34',1972.48,'كهرباء',1,257.28000000000003),(1776,'2023-11-13 01:07:57',404.8,'منظفات',1,52.8),(1777,'2023-11-13 01:08:20',1093.99,'ماء',1,142.69434782608695),(1778,'2023-11-13 01:08:43',287.5,'مصروفات خارجية',1,37.5),(1779,'2023-11-16 00:51:39',85,'مصروفات سيارة',1,11.08695652173913),(1780,'2023-11-16 00:52:04',310,'منظفات',1,40.43478260869565),(1781,'2023-11-16 00:52:35',230.81,'منظفات',1,30.105652173913043),(1782,'2023-11-16 00:53:06',249.67,'منظفات',1,32.565652173913044),(1783,'2023-11-16 00:53:21',40,'منظفات',1,5.217391304347826),(1784,'2023-11-16 00:53:39',184,'منظفات',1,24),(1785,'2023-11-16 00:54:03',230,'منظفات',1,30),(1786,'2023-11-16 00:54:24',1672,'منظفات',1,218.08695652173913),(1787,'2023-11-16 00:54:48',1001,'منظفات',1,130.56521739130434),(1788,'2023-11-16 00:55:21',114.25,'منظفات',1,14.902173913043478),(1789,'2023-11-16 00:56:00',17.25,'مصروفات خارجية',1,2.25),(1790,'2023-11-18 01:44:22',85,'مصروفات سيارة',1,11.08695652173913),(1791,'2023-11-19 01:02:39',96,'منظفات',1,12.521739130434783),(1792,'2023-11-20 00:35:29',85,'مصروفات خارجية',1,11.08695652173913),(1793,'2023-11-23 01:08:50',85,'مصروفات سيارة',1,11.08695652173913),(1794,'2023-11-24 02:33:39',85,'مصروفات سيارة',1,11.08695652173913),(1795,'2023-11-29 01:46:31',85,'مصروفات سيارة',1,11.08695652173913),(1796,'2023-12-01 03:11:08',30,'مصروفات خارجية',1,3.9130434782608696),(1797,'2023-12-04 00:40:09',85,'مصروفات سيارة',1,11.08695652173913),(1798,'2023-12-04 00:40:21',270,'مصروفات خارجية',1,35.21739130434783),(1799,'2024-01-02 01:09:35',202.08,'منظفات',1,26.35826086956522),(1800,'2024-01-02 01:10:05',1204,'مصروفات خارجية',1,157.04347826086956),(1801,'2024-01-02 01:10:20',85,'مصروفات سيارة',1,11.08695652173913),(1802,'2024-01-02 01:16:40',474,'مصروفات خارجية',1,61.82608695652174),(1803,'2024-01-03 00:47:53',115,'منظفات',1,15),(1804,'2024-01-04 01:06:54',289.45,'مصروفات خارجية',1,37.754347826086956),(1805,'2024-01-04 01:07:13',55,'منظفات',1,7.173913043478261),(1806,'2024-01-04 01:07:27',288,'منظفات',1,37.56521739130435),(1807,'2024-01-05 00:38:09',85,'مصروفات سيارة',1,11.08695652173913),(1808,'2024-01-05 00:38:24',30,'مصروفات سيارة',1,3.9130434782608696),(1809,'2024-01-08 00:21:49',85,'مصروفات سيارة',1,11.08695652173913),(1810,'2024-01-09 00:36:04',105,'مصروفات سيارة',1,13.695652173913043),(1811,'2024-01-10 00:42:18',500,'مصروفات خارجية',1,65.21739130434783),(1812,'2024-01-10 00:42:31',25,'مصروفات خارجية',1,3.260869565217391),(1813,'2024-01-12 00:42:22',85,'مصروفات سيارة',1,11.08695652173913),(1814,'2024-01-12 00:44:50',30,'مصروفات سيارة',1,3.9130434782608696),(1815,'2024-01-12 00:45:06',23,'مصروفات خارجية',1,3),(1816,'2024-01-12 00:45:22',57.5,'مصروفات خارجية',1,7.5),(1817,'2024-01-12 00:45:56',130,'مصروفات خارجية',1,16.956521739130434),(1818,'2024-01-12 00:47:23',1179.9,'منظفات',1,153.9),(1819,'2024-01-12 00:47:51',166.75,'منظفات',1,21.75),(1820,'2024-01-12 00:48:27',1787,'منظفات',1,233.08695652173913),(1821,'2024-01-12 00:49:28',34,'منظفات',1,4.434782608695652),(1822,'2024-01-12 00:50:01',342,'منظفات',1,44.608695652173914),(1823,'2024-01-12 00:50:39',310,'منظفات',1,40.43478260869565),(1824,'2024-01-12 00:51:07',114,'منظفات',1,14.869565217391305),(1825,'2024-01-12 00:51:32',602,'منظفات',1,78.52173913043478),(1826,'2024-01-12 00:52:19',70,'منظفات',1,9.130434782608695),(1827,'2024-01-12 00:52:49',247,'مصروفات خارجية',1,32.21739130434783),(1828,'2024-01-15 00:24:42',125,'مصروفات خارجية',1,16.304347826086957),(1829,'2024-01-15 00:25:15',513.59,'كهرباء',1,66.99000000000001),(1830,'2024-01-15 00:26:59',259.67,'مصروفات خارجية',1,33.870000000000005),(1831,'2024-01-15 00:27:36',324.48,'منظفات',1,42.32347826086957),(1832,'2024-01-15 00:28:10',1313.19,'مصروفات خارجية',1,171.28565217391306),(1833,'2024-01-15 00:28:43',287.5,'مصروفات خارجية',1,37.5),(1834,'2024-01-15 00:29:00',11.5,'كهرباء',1,1.5),(1835,'2024-01-15 00:29:22',1936.37,'كهرباء',1,252.57),(1836,'2024-01-16 00:50:04',220,'مصروفات خارجية',1,28.695652173913043),(1837,'2024-01-16 00:50:33',62,'مصروفات خارجية',1,8.08695652173913),(1838,'2024-01-16 00:53:14',85,'مصروفات سيارة',1,11.08695652173913),(1839,'2024-01-16 00:53:25',30,'مصروفات سيارة',1,3.9130434782608696),(1840,'2024-01-17 00:24:32',23,'مصروفات خارجية',1,3),(1841,'2024-01-17 00:24:49',588,'مصروفات خارجية',1,76.69565217391305),(1842,'2024-01-17 11:23:38',4600,'مصروفات خارجية',1,600),(1843,'2024-01-17 11:23:56',100,'مصروفات سيارة',1,13.043478260869565),(1844,'2024-01-18 01:02:47',110,'مصروفات خارجية',1,14.347826086956522),(1845,'2024-01-19 01:53:23',85,'مصروفات سيارة',1,11.08695652173913),(1846,'2024-01-20 01:05:54',30,'مصروفات سيارة',1,3.9130434782608696),(1847,'2024-01-22 00:36:54',50,'مصروفات سيارة',1,6.521739130434782),(1848,'2024-01-22 00:37:09',85,'مصروفات سيارة',1,11.08695652173913),(1849,'2024-01-26 01:12:47',85,'مصروفات سيارة',1,11.08695652173913),(1850,'2024-01-29 06:46:16',85,'مصروفات سيارة',1,11.08695652173913),(1851,'2024-02-04 00:33:31',25,'مصروفات خارجية',1,3.260869565217391),(1852,'2024-02-04 00:33:45',512,'منظفات',1,66.78260869565217),(1853,'2024-02-04 00:34:00',23,'منظفات',1,3),(1854,'2024-02-04 00:34:26',85,'مصروفات سيارة',1,11.08695652173913),(1855,'2024-02-04 00:34:36',5000,'مصروفات خارجية',1,652.1739130434783),(1856,'2024-02-07 00:48:36',75,'مصروفات خارجية',1,9.782608695652174),(1857,'2024-02-07 00:49:06',850,'مصروفات خارجية',1,110.8695652173913),(1858,'2024-02-07 00:49:28',40.25,'مصروفات خارجية',1,5.25);
/*!40000 ALTER TABLE `burchases` ENABLE KEYS */;
UNLOCK TABLES;

--
-- Table structure for table `cash`
--

DROP TABLE IF EXISTS `cash`;
/*!40101 SET @saved_cs_client     = @@character_set_client */;
/*!40101 SET character_set_client = utf8 */;
CREATE TABLE `cash` (
  `start_period` datetime NOT NULL DEFAULT CURRENT_TIMESTAMP,
  `end_period` datetime DEFAULT CURRENT_TIMESTAMP,
  `cash_total` double DEFAULT '0',
  `cash_total_period` double DEFAULT '0',
  `cash_to_visa` double DEFAULT '0',
  `pay_later` double DEFAULT '0',
  `cash_transfer` double DEFAULT '0',
  `cash_remain` double DEFAULT '0',
  `cash_increase_deficit` double DEFAULT '0',
  `cash_current_user` varchar(255) DEFAULT NULL,
  `cash_next_user` varchar(255) DEFAULT NULL,
  `is_start_period` tinyint(1) DEFAULT '1',
  `is_end_period` tinyint(1) DEFAULT '0',
  PRIMARY KEY (`start_period`)
) ENGINE=InnoDB DEFAULT CHARSET=utf8;
/*!40101 SET character_set_client = @saved_cs_client */;

--
-- Dumping data for table `cash`
--

LOCK TABLES `cash` WRITE;
/*!40000 ALTER TABLE `cash` DISABLE KEYS */;
INSERT INTO `cash` VALUES ('2021-05-23 15:56:55',NULL,2474651.764134568,0,1479132.7809999622,2999352.2517696605,0,0,0,'superAdmin',NULL,1,0);
/*!40000 ALTER TABLE `cash` ENABLE KEYS */;
UNLOCK TABLES;

--
-- Table structure for table `clothes_belt`
--

DROP TABLE IF EXISTS `clothes_belt`;
/*!40101 SET @saved_cs_client     = @@character_set_client */;
/*!40101 SET character_set_client = utf8 */;
CREATE TABLE `clothes_belt` (
  `clothes_belt_no` bigint(20) NOT NULL,
  `clothes_belt_resrved` tinyint(1) DEFAULT '0',
  `stand` varchar(45) DEFAULT NULL,
  `cost` int(11) DEFAULT '0',
  PRIMARY KEY (`clothes_belt_no`)
) ENGINE=InnoDB DEFAULT CHARSET=utf8;
/*!40101 SET character_set_client = @saved_cs_client */;

--
-- Dumping data for table `clothes_belt`
--

LOCK TABLES `clothes_belt` WRITE;
/*!40000 ALTER TABLE `clothes_belt` DISABLE KEYS */;
/*!40000 ALTER TABLE `clothes_belt` ENABLE KEYS */;
UNLOCK TABLES;

--
-- Table structure for table `customize_partnership_values`
--

DROP TABLE IF EXISTS `customize_partnership_values`;
/*!40101 SET @saved_cs_client     = @@character_set_client */;
/*!40101 SET character_set_client = utf8 */;
CREATE TABLE `customize_partnership_values` (
  `customize_partnership_values_id` bigint(20) NOT NULL AUTO_INCREMENT,
  `customer_id` bigint(20) DEFAULT NULL,
  `partnership_paid_value` double DEFAULT NULL,
  `partnership_purchasing_value` double DEFAULT NULL,
  `partnership_offer_from` datetime DEFAULT NULL,
  `partnership_offer_to` datetime DEFAULT NULL,
  `partnership_date` datetime DEFAULT NULL,
  PRIMARY KEY (`customize_partnership_values_id`),
  KEY `customer_forign_part_idx` (`customer_id`),
  CONSTRAINT `customer_forign_part` FOREIGN KEY (`customer_id`) REFERENCES `io_customers` (`cust_id`) ON DELETE NO ACTION ON UPDATE NO ACTION
) ENGINE=InnoDB DEFAULT CHARSET=utf8;
/*!40101 SET character_set_client = @saved_cs_client */;

--
-- Dumping data for table `customize_partnership_values`
--

LOCK TABLES `customize_partnership_values` WRITE;
/*!40000 ALTER TABLE `customize_partnership_values` DISABLE KEYS */;
/*!40000 ALTER TABLE `customize_partnership_values` ENABLE KEYS */;
UNLOCK TABLES;

--
-- Table structure for table `customize_type_costs`
--

DROP TABLE IF EXISTS `customize_type_costs`;
/*!40101 SET @saved_cs_client     = @@character_set_client */;
/*!40101 SET character_set_client = utf8 */;
CREATE TABLE `customize_type_costs` (
  `cust_id` bigint(20) DEFAULT NULL,
  `type_cost` double DEFAULT NULL,
  `customize_type_costsId` int(11) NOT NULL AUTO_INCREMENT,
  `io_types_operation_id` int(11) DEFAULT NULL,
  `group_id` int(11) DEFAULT NULL,
  PRIMARY KEY (`customize_type_costsId`),
  KEY `cust_forign_idx` (`cust_id`),
  KEY `cust_forign_idx2` (`cust_id`),
  KEY `io_types_operation_forign_idx` (`io_types_operation_id`),
  KEY `group_id_forign_idx` (`group_id`),
  CONSTRAINT `cust_forign` FOREIGN KEY (`cust_id`) REFERENCES `io_customers` (`cust_id`) ON DELETE NO ACTION ON UPDATE NO ACTION,
  CONSTRAINT `group_id_forign` FOREIGN KEY (`group_id`) REFERENCES `io_groups` (`group_id`) ON DELETE NO ACTION ON UPDATE NO ACTION,
  CONSTRAINT `io_types_operation_forign` FOREIGN KEY (`io_types_operation_id`) REFERENCES `io_types_operation` (`io_types_operation_id`) ON DELETE NO ACTION ON UPDATE NO ACTION
) ENGINE=InnoDB AUTO_INCREMENT=2 DEFAULT CHARSET=utf8 COMMENT='Define new prices for specific customers';
/*!40101 SET character_set_client = @saved_cs_client */;

--
-- Dumping data for table `customize_type_costs`
--

LOCK TABLES `customize_type_costs` WRITE;
/*!40000 ALTER TABLE `customize_type_costs` DISABLE KEYS */;
INSERT INTO `customize_type_costs` VALUES (2,1,1,1,NULL);
/*!40000 ALTER TABLE `customize_type_costs` ENABLE KEYS */;
UNLOCK TABLES;

--
-- Table structure for table `default_partnership_values`
--

DROP TABLE IF EXISTS `default_partnership_values`;
/*!40101 SET @saved_cs_client     = @@character_set_client */;
/*!40101 SET character_set_client = utf8 */;
CREATE TABLE `default_partnership_values` (
  `default_partnership_values_id` bigint(20) NOT NULL AUTO_INCREMENT,
  `partnership_paid_value` double DEFAULT NULL,
  `partnership_purchasing_value` double DEFAULT NULL,
  `partnership_offer_from` datetime DEFAULT NULL,
  `partnership_offer_to` datetime DEFAULT NULL,
  `partnership_date` datetime DEFAULT NULL,
  PRIMARY KEY (`default_partnership_values_id`)
) ENGINE=InnoDB AUTO_INCREMENT=2 DEFAULT CHARSET=utf8;
/*!40101 SET character_set_client = @saved_cs_client */;

--
-- Dumping data for table `default_partnership_values`
--

LOCK TABLES `default_partnership_values` WRITE;
/*!40000 ALTER TABLE `default_partnership_values` DISABLE KEYS */;
INSERT INTO `default_partnership_values` VALUES (1,100,120,NULL,NULL,NULL);
/*!40000 ALTER TABLE `default_partnership_values` ENABLE KEYS */;
UNLOCK TABLES;

--
-- Table structure for table `edited_bill_closes_types`
--

DROP TABLE IF EXISTS `edited_bill_closes_types`;
/*!40101 SET @saved_cs_client     = @@character_set_client */;
/*!40101 SET character_set_client = utf8 */;
CREATE TABLE `edited_bill_closes_types` (
  `edited_bill_no` bigint(20) DEFAULT NULL,
  `io_types_operation_id` int(11) DEFAULT NULL,
  `type_count` int(11) DEFAULT NULL,
  `type_total_cost` double DEFAULT NULL,
  `bill_closes_type_id` int(11) NOT NULL AUTO_INCREMENT,
  `type_ghotra` int(11) DEFAULT NULL,
  `type_num` int(11) DEFAULT NULL,
  PRIMARY KEY (`bill_closes_type_id`),
  KEY `bills_forign_idxs` (`edited_bill_no`),
  KEY `io_types_operation_id_forign_idxs` (`io_types_operation_id`),
  CONSTRAINT `edited_bills_forign` FOREIGN KEY (`edited_bill_no`) REFERENCES `edited_bills` (`edited_bill_no`) ON DELETE CASCADE ON UPDATE NO ACTION,
  CONSTRAINT `io_types_operation_id_forigns` FOREIGN KEY (`io_types_operation_id`) REFERENCES `io_types_operation` (`io_types_operation_id`) ON DELETE NO ACTION ON UPDATE NO ACTION
) ENGINE=InnoDB DEFAULT CHARSET=utf8;
/*!40101 SET character_set_client = @saved_cs_client */;

--
-- Dumping data for table `edited_bill_closes_types`
--

LOCK TABLES `edited_bill_closes_types` WRITE;
/*!40000 ALTER TABLE `edited_bill_closes_types` DISABLE KEYS */;
/*!40000 ALTER TABLE `edited_bill_closes_types` ENABLE KEYS */;
UNLOCK TABLES;

--
-- Table structure for table `edited_bills`
--

DROP TABLE IF EXISTS `edited_bills`;
/*!40101 SET @saved_cs_client     = @@character_set_client */;
/*!40101 SET character_set_client = utf8 */;
CREATE TABLE `edited_bills` (
  `edited_bill_no` bigint(20) NOT NULL AUTO_INCREMENT,
  `editedusername` varchar(50) DEFAULT NULL,
  `cust_id` bigint(20) DEFAULT NULL,
  `bill_sum` double DEFAULT NULL COMMENT 'Tha actual sum for the bill',
  `bill_discount` double DEFAULT '0',
  `bill_total` double DEFAULT NULL COMMENT 'The summation after discount',
  `bill_extra` double DEFAULT '0',
  `bill_point_paid` double DEFAULT '0',
  `bill_general_discount` double DEFAULT NULL,
  `bill_special_discount` double DEFAULT NULL,
  `current_part_value` double DEFAULT NULL,
  `vat_part_value` double DEFAULT '0',
  `offer_value` double DEFAULT '0',
  `deposit_value` double NOT NULL DEFAULT '0',
  `deposit_remain_value` double NOT NULL DEFAULT '0',
  `edited_bill_date` datetime DEFAULT NULL,
  `pieces_no` int(11) DEFAULT NULL,
  `main_bill_no` bigint(20) DEFAULT NULL,
  PRIMARY KEY (`edited_bill_no`),
  KEY `user_forign_idx` (`editedusername`),
  KEY `bill_cust_forign_idx` (`cust_id`),
  KEY `main_bills_forign_idxs` (`main_bill_no`),
  CONSTRAINT `bill_cust_forigns` FOREIGN KEY (`cust_id`) REFERENCES `io_customers` (`cust_id`) ON DELETE NO ACTION ON UPDATE NO ACTION,
  CONSTRAINT `edi_main_bills_forign` FOREIGN KEY (`main_bill_no`) REFERENCES `bills` (`bill_no`) ON DELETE CASCADE ON UPDATE NO ACTION,
  CONSTRAINT `user_forigns` FOREIGN KEY (`editedusername`) REFERENCES `io_users` (`username`) ON DELETE NO ACTION ON UPDATE NO ACTION
) ENGINE=InnoDB DEFAULT CHARSET=utf8;
/*!40101 SET character_set_client = @saved_cs_client */;

--
-- Dumping data for table `edited_bills`
--

LOCK TABLES `edited_bills` WRITE;
/*!40000 ALTER TABLE `edited_bills` DISABLE KEYS */;
/*!40000 ALTER TABLE `edited_bills` ENABLE KEYS */;
UNLOCK TABLES;

--
-- Table structure for table `io_branches`
--

DROP TABLE IF EXISTS `io_branches`;
/*!40101 SET @saved_cs_client     = @@character_set_client */;
/*!40101 SET character_set_client = utf8 */;
CREATE TABLE `io_branches` (
  `branch_id` int(11) NOT NULL AUTO_INCREMENT,
  `branch_name` varchar(400) DEFAULT NULL,
  PRIMARY KEY (`branch_id`)
) ENGINE=InnoDB DEFAULT CHARSET=utf8;
/*!40101 SET character_set_client = @saved_cs_client */;

--
-- Dumping data for table `io_branches`
--

LOCK TABLES `io_branches` WRITE;
/*!40000 ALTER TABLE `io_branches` DISABLE KEYS */;
/*!40000 ALTER TABLE `io_branches` ENABLE KEYS */;
UNLOCK TABLES;

--
-- Table structure for table `io_cust_type`
--

DROP TABLE IF EXISTS `io_cust_type`;
/*!40101 SET @saved_cs_client     = @@character_set_client */;
/*!40101 SET character_set_client = utf8 */;
CREATE TABLE `io_cust_type` (
  `cust_type_id` int(11) NOT NULL AUTO_INCREMENT,
  `cust_type_name` varchar(45) DEFAULT NULL,
  PRIMARY KEY (`cust_type_id`)
) ENGINE=InnoDB AUTO_INCREMENT=4 DEFAULT CHARSET=utf8 COMMENT='types of customers (person / unit)';
/*!40101 SET character_set_client = @saved_cs_client */;

--
-- Dumping data for table `io_cust_type`
--

LOCK TABLES `io_cust_type` WRITE;
/*!40000 ALTER TABLE `io_cust_type` DISABLE KEYS */;
INSERT INTO `io_cust_type` VALUES (1,'شخص'),(2,'جهة / فندق'),(3,'عميل توصيل منزلي');
/*!40000 ALTER TABLE `io_cust_type` ENABLE KEYS */;
UNLOCK TABLES;

--
-- Table structure for table `io_customer_partnership`
--

DROP TABLE IF EXISTS `io_customer_partnership`;
/*!40101 SET @saved_cs_client     = @@character_set_client */;
/*!40101 SET character_set_client = utf8 */;
CREATE TABLE `io_customer_partnership` (
  `cust_partnership_id` bigint(20) NOT NULL AUTO_INCREMENT,
  `cust_id` bigint(20) DEFAULT NULL,
  `cust_partnership_value` double NOT NULL DEFAULT '0',
  `cust_partnership_paid_value` double NOT NULL DEFAULT '0',
  `cust_partnership_date` datetime DEFAULT NULL,
  `driver_id` bigint(20) DEFAULT NULL,
  `partship_type` int(2) NOT NULL DEFAULT '0',
  `partship_end_date` date DEFAULT NULL,
  `credit` int(2) DEFAULT NULL,
  PRIMARY KEY (`cust_partnership_id`),
  KEY `cust_id_forign_idx` (`cust_id`),
  KEY `driver_id_forign_idx` (`driver_id`),
  CONSTRAINT `cust_id_forign` FOREIGN KEY (`cust_id`) REFERENCES `io_customers` (`cust_id`) ON DELETE NO ACTION ON UPDATE NO ACTION,
  CONSTRAINT `driver_id_forign` FOREIGN KEY (`driver_id`) REFERENCES `io_drivers` (`driver_id`) ON DELETE NO ACTION ON UPDATE NO ACTION
) ENGINE=InnoDB AUTO_INCREMENT=2 DEFAULT CHARSET=utf8;
/*!40101 SET character_set_client = @saved_cs_client */;

--
-- Dumping data for table `io_customer_partnership`
--

LOCK TABLES `io_customer_partnership` WRITE;
/*!40000 ALTER TABLE `io_customer_partnership` DISABLE KEYS */;
INSERT INTO `io_customer_partnership` VALUES (1,1,120,100,'2026-06-11 16:58:33',NULL,0,NULL,0);
/*!40000 ALTER TABLE `io_customer_partnership` ENABLE KEYS */;
UNLOCK TABLES;

--
-- Table structure for table `io_customers`
--

DROP TABLE IF EXISTS `io_customers`;
/*!40101 SET @saved_cs_client     = @@character_set_client */;
/*!40101 SET character_set_client = utf8 */;
CREATE TABLE `io_customers` (
  `cust_id` bigint(20) NOT NULL AUTO_INCREMENT,
  `Cust_type_id` int(11) DEFAULT NULL,
  `cust_name` varchar(300) DEFAULT NULL,
  `cust_vat_num` varchar(45) DEFAULT NULL,
  `cust_mobile` varchar(25) DEFAULT NULL,
  `cust_partnership_no` bigint(20) DEFAULT NULL,
  `cust_is_partnership_active` tinyint(1) DEFAULT '1',
  `cust_points` double DEFAULT '0',
  `cust_general_discount` double DEFAULT NULL,
  `cust_special_discount` double DEFAULT NULL,
  `cust_is_blacklist` tinyint(1) DEFAULT '0',
  `blacklist_desc` varchar(400) DEFAULT NULL,
  `group_id` int(11) DEFAULT NULL,
  `participate_with_dept` varchar(5) DEFAULT NULL,
  `discount_end_date` date DEFAULT NULL,
  `discount_type` int(11) DEFAULT '0',
  `address` varchar(400) DEFAULT NULL,
  `cust_remark` varchar(150) DEFAULT NULL,
  `build_number` varchar(45) DEFAULT NULL,
  `additional_number` varchar(255) DEFAULT NULL,
  `subdivision` varchar(255) DEFAULT NULL,
  `zip` varchar(45) DEFAULT NULL,
  `customer_city` varchar(255) DEFAULT NULL,
  PRIMARY KEY (`cust_id`),
  UNIQUE KEY `cust_partnership_no_UNIQUE` (`cust_partnership_no`),
  KEY `cust_part_no` (`cust_partnership_no`),
  KEY `custTypeForign_idx` (`Cust_type_id`),
  KEY `groupforign_idx` (`group_id`),
  KEY `idx_iocustomers_mobile` (`cust_mobile`),
  KEY `idx_iocustomers_partnership_no` (`cust_partnership_no`),
  CONSTRAINT `custTypeForign` FOREIGN KEY (`Cust_type_id`) REFERENCES `io_cust_type` (`cust_type_id`) ON DELETE NO ACTION ON UPDATE NO ACTION,
  CONSTRAINT `groupforign` FOREIGN KEY (`group_id`) REFERENCES `io_groups` (`group_id`) ON DELETE NO ACTION ON UPDATE NO ACTION
) ENGINE=InnoDB AUTO_INCREMENT=2 DEFAULT CHARSET=utf8 COMMENT='Customers for laundry';
/*!40101 SET character_set_client = @saved_cs_client */;

--
-- Dumping data for table `io_customers`
--

LOCK TABLES `io_customers` WRITE;
/*!40000 ALTER TABLE `io_customers` DISABLE KEYS */;
INSERT INTO `io_customers` VALUES (-1,1,NULL,NULL,NULL,NULL,1,0,NULL,NULL,0,NULL,NULL,NULL,NULL,0,NULL,'',NULL,NULL,NULL,NULL,NULL),(1,1,'علاء','','015',1,1,0,0,0,0,'',NULL,'null',NULL,0,'','','','','','','');
/*!40000 ALTER TABLE `io_customers` ENABLE KEYS */;
UNLOCK TABLES;

--
-- Table structure for table `io_drivers`
--

DROP TABLE IF EXISTS `io_drivers`;
/*!40101 SET @saved_cs_client     = @@character_set_client */;
/*!40101 SET character_set_client = utf8 */;
CREATE TABLE `io_drivers` (
  `driver_id` bigint(20) NOT NULL AUTO_INCREMENT,
  `driver_number` int(11) DEFAULT NULL,
  `driver_name` varchar(100) DEFAULT NULL,
  PRIMARY KEY (`driver_id`),
  UNIQUE KEY `driver_number_UNIQUE` (`driver_number`)
) ENGINE=InnoDB AUTO_INCREMENT=5 DEFAULT CHARSET=utf8;
/*!40101 SET character_set_client = @saved_cs_client */;

--
-- Dumping data for table `io_drivers`
--

LOCK TABLES `io_drivers` WRITE;
/*!40000 ALTER TABLE `io_drivers` DISABLE KEYS */;
INSERT INTO `io_drivers` VALUES (1,1,''),(2,2,''),(3,3,''),(4,4,'');
/*!40000 ALTER TABLE `io_drivers` ENABLE KEYS */;
UNLOCK TABLES;

--
-- Table structure for table `io_groups`
--

DROP TABLE IF EXISTS `io_groups`;
/*!40101 SET @saved_cs_client     = @@character_set_client */;
/*!40101 SET character_set_client = utf8 */;
CREATE TABLE `io_groups` (
  `group_id` int(11) NOT NULL AUTO_INCREMENT,
  `group_code` varchar(45) DEFAULT NULL,
  `group_name` varchar(200) DEFAULT NULL,
  PRIMARY KEY (`group_id`),
  UNIQUE KEY `group_code_UNIQUE` (`group_code`),
  UNIQUE KEY `group_name_UNIQUE` (`group_name`)
) ENGINE=InnoDB DEFAULT CHARSET=utf8;
/*!40101 SET character_set_client = @saved_cs_client */;

--
-- Dumping data for table `io_groups`
--

LOCK TABLES `io_groups` WRITE;
/*!40000 ALTER TABLE `io_groups` DISABLE KEYS */;
/*!40000 ALTER TABLE `io_groups` ENABLE KEYS */;
UNLOCK TABLES;

--
-- Table structure for table `io_operations`
--

DROP TABLE IF EXISTS `io_operations`;
/*!40101 SET @saved_cs_client     = @@character_set_client */;
/*!40101 SET character_set_client = utf8 */;
CREATE TABLE `io_operations` (
  `operation_id` int(11) NOT NULL AUTO_INCREMENT,
  `operation_name` varchar(100) DEFAULT NULL,
  `operation_name_en` varchar(50) DEFAULT NULL,
  `operation_location` int(11) DEFAULT NULL,
  PRIMARY KEY (`operation_id`)
) ENGINE=InnoDB AUTO_INCREMENT=7 DEFAULT CHARSET=utf8 COMMENT='Type of operation (كوي / غسيل كوي عادي / غسيل وكوي مستعجل)';
/*!40101 SET character_set_client = @saved_cs_client */;

--
-- Dumping data for table `io_operations`
--

LOCK TABLES `io_operations` WRITE;
/*!40000 ALTER TABLE `io_operations` DISABLE KEYS */;
INSERT INTO `io_operations` VALUES (1,'غسيل وكوي عادي','ghasel kawy ',NULL),(3,'غسيل وكوي مستعجل','ghasel kawy mesta3gel',NULL),(4,'كوي عادي','kawy ',NULL),(5,'كوي مستعجل','kawy URGENT',NULL),(6,'غسيل فقط','Wash only',NULL);
/*!40000 ALTER TABLE `io_operations` ENABLE KEYS */;
UNLOCK TABLES;

--
-- Table structure for table `io_roles`
--

DROP TABLE IF EXISTS `io_roles`;
/*!40101 SET @saved_cs_client     = @@character_set_client */;
/*!40101 SET character_set_client = utf8 */;
CREATE TABLE `io_roles` (
  `role_id` bigint(20) NOT NULL AUTO_INCREMENT,
  `role_name` varchar(100) DEFAULT NULL,
  `is_admin_role` tinyint(1) DEFAULT '0',
  PRIMARY KEY (`role_id`),
  UNIQUE KEY `role_id_UNIQUE` (`role_id`)
) ENGINE=InnoDB AUTO_INCREMENT=70 DEFAULT CHARSET=utf8 COMMENT='privileges for loged user';
/*!40101 SET character_set_client = @saved_cs_client */;

--
-- Dumping data for table `io_roles`
--

LOCK TABLES `io_roles` WRITE;
/*!40000 ALTER TABLE `io_roles` DISABLE KEYS */;
INSERT INTO `io_roles` VALUES (1,'بيانات الفاتورة',1),(2,'الفواتير',1),(3,'فاتورة جديدة/ دفع فاتورة',0),(4,'المشتريات',1),(5,'العملاء',1),(6,'تخصيص سعر لعميل',1),(7,'أنواع العملاء',1),(8,'الصلاحية',1),(9,'اشتراك العميل',1),(10,'المستخدم',1),(11,'الأنواع',1),(12,'العملية',1),(13,'الأسعار الافتراضية للنوع والعملية',1),(15,'القيم الافتراضية للاشتراك',1),(16,'تخصيص قيم للاشتراك',1),(17,'اشتراك جديد / تجديد اشتراك.',1),(18,'التقارير',1),(19,'التقرير الشهري',1),(20,'تقرير الفترة من إلى',1),(21,'شاشة الإعدادات',1),(22,'رسائل للجوال للعملاء',1),(23,'رسائل جوال جاهزة',1),(24,'تقرير الأنواع',1),(25,'تقرير المشتريات',1),(26,'تقرير الفواتير غير المدفوعة',1),(27,'تقرير جميع الفواتير',1),(28,'تقرير الشكل البياني',1),(29,'تقرير اليوم',1),(30,'البحث في الفواتير',1),(31,'حذف عميل',1),(32,'السائقين',1),(33,'الفروع',1),(34,'صلاحية الطباعة',0),(35,'المجموعات',1),(36,'تقرير العملاء',1),(37,'تقرير المجموعات للفواتير غير المدفوعة',1),(38,'إظهار خانة الخصم',1),(39,'إظهار خانة الإضافي',1),(40,'تقرير الفواتير غير المسلمة',1),(41,'رسائل جوال جاهزة',1),(42,'تقرير البحث في الفواتير',1),(43,'حذف العملاء',1),(44,'تعديل الفواتير',0),(45,'صلاحية حذف الفواتير',1),(46,'إعادة طباعة الفاتورة',1),(47,'إدارة الفواتير المجمعة',1),(50,'تقرير تسليم النقدية',1),(53,'إيقاف الإشتراك',0),(54,'تحويلانت بنكية',1),(55,NULL,1),(56,'رسائل جوال جاهزة',1),(57,'تقرير البحث في الفواتير',0),(58,'حذف العملاء',1),(59,'حذف العملاء',1),(60,'حذف العملاء',1),(61,'حذف العملاء',1),(62,'حذف العملاء',1),(63,'حذف العملاء',1),(67,'حذف الفواتير من تقرير البحث عن الفواتير',1),(68,'حذف العملاء',1),(69,'حذف العملاء',1);
/*!40000 ALTER TABLE `io_roles` ENABLE KEYS */;
UNLOCK TABLES;

--
-- Table structure for table `io_types`
--

DROP TABLE IF EXISTS `io_types`;
/*!40101 SET @saved_cs_client     = @@character_set_client */;
/*!40101 SET character_set_client = utf8 */;
CREATE TABLE `io_types` (
  `type_id` int(11) NOT NULL AUTO_INCREMENT,
  `type_name` varchar(200) DEFAULT NULL,
  `type_name_en` varchar(100) DEFAULT NULL,
  `type_icon` varchar(100) DEFAULT NULL,
  `type_location` int(11) DEFAULT NULL,
  `is_ghotra` tinyint(1) DEFAULT '0',
  `deleted` tinyint(1) DEFAULT '0',
  `is_ignore_offer` tinyint(1) NOT NULL DEFAULT '0',
  PRIMARY KEY (`type_id`)
) ENGINE=InnoDB AUTO_INCREMENT=73 DEFAULT CHARSET=utf8mb4 COMMENT='All categorized closes types for laundry';
/*!40101 SET character_set_client = @saved_cs_client */;

--
-- Dumping data for table `io_types`
--

LOCK TABLES `io_types` WRITE;
/*!40000 ALTER TABLE `io_types` DISABLE KEYS */;
INSERT INTO `io_types` VALUES (1,'ثوب صيفى كبير','thob sefy kabeer','ثوب صيفي كبير.jpg',1,0,0,0),(2,'ثوب شتوى صغير','thob shetwy sagher','ثوب شتوى صغير.jpg',22,0,0,0),(3,'ثوب شتوى كبير','thob shetwy kaber','ثوب شتوى كبير.jpg',21,0,0,0),(5,'بشت كبير','besht kaber','بشت كبير.jpg',14,0,0,0),(6,'شماغ','shemagh','شماغ.jpg',2,1,0,0),(7,'بنطلون','pantlon','بنطلون.jpg',9,0,0,0),(8,'قميص','kames','قميص.jpg',10,0,0,0),(9,'بالطو','palto','بالطو.jpg',15,0,0,0),(10,'جاكت','jaket','جاكيت.jpg',13,0,0,0),(11,'نصف كم /فانلة رياضية','fanela riadia','فانلة رياضية.jpg',12,0,0,0),(12,'فانلة داخلية','fanela dakhlia','فانلة داخلية.jpg',8,0,0,0),(13,'جورب','gorab','جورب.jpg',24,0,0,0),(14,'فستان','fostan','فستان.jpg',18,0,0,0),(15,'فستان عروسة','fostan arosa','فستان عروسة.jpg',19,0,0,0),(16,'تنورة','tannora','تنوره.jpg',25,0,0,0),(17,'مريول مدرسة','marul madrasa','مريول مدرسة.jpg',27,0,0,0),(18,'عباءة','abaya','عباءة.jpg',23,0,0,0),(19,'بجاما','bejama','بجاما.jpg',28,0,0,0),(20,'ملابس عسكرية','malabs 3skaria','ملابس عسكرية.png',11,0,0,0),(21,'فوطة جسم','fota gesm','فوطة جسم.jpg',29,0,0,0),(22,'فوطة يد','fota yed','فوطة يد.jpg',30,0,0,0),(23,'غطاء مجلس','SOFA COVER','غطاء مجلس.jpg',31,0,0,0),(24,'غطاء مخدة','ghetaa mekhada','غطاء مخدة.jpg',32,0,0,0),(25,'بطانية كبيرة','btania kabera','بطانية كبيرة.jpg',34,0,0,0),(26,'بطانية وسط','btania wasat','بطانية وسط.jpg',35,0,0,0),(27,'بطانية صغيرة','btania saghera','بطانية صغيرة.jpg',36,0,0,0),(28,'ستائر','sataer','ستائر.jpg',37,0,0,0),(29,'اغراض مطعم','resturants','أغراض مطعم.png',38,0,0,0),(30,'شرشف كبير','shershef kaber','شرشف كبير.jpg',39,0,0,0),(31,'شرشف صغير','shershef shagher','شرشف صغير.jpg',40,0,0,0),(32,'غطاء لحاف كبير','ghata lehaf kaber','غطاء لحاف كبير.jpg',41,0,0,0),(33,'غطاء لحاف صغير','ghata lehaf sagher','غطاء لحاف صغير.jpg',42,0,0,0),(34,'سروال','serwal','سروال.jpg',6,0,0,0),(35,'ازار','ezar','إزار.jpg',43,0,0,0),(36,'ثوب صيفى صغير','thob sefy sagher','ثوب صيفي صغير.jpg',20,0,0,0),(37,'سجاد','Carbet','سجاد.jpg',44,1,0,0),(38,'فرو','farw','فرو.jpg',45,0,0,0),(39,'روب حمام','rop hammam','روب.jpg',46,0,0,0),(40,'سديري','sedery','سديري.jpg',47,0,0,0),(41,'كفرول','kafarol','كفرول.jpg',48,0,0,0),(42,'ربطه عنق','tie','ربطه عنق.jpg',49,0,0,0),(43,'طاقيه','TTAGIA','طاقيه.jpg',5,0,0,0),(44,'هاف','HAF','هاف.jpg',7,0,0,0),(45,'لحاف','PLANKET','بطانيه.jpg',33,0,0,0),(46,'بلوزه','BLOUSE','بلوزه2.jpg',26,0,0,0),(47,'ملابس اطفال','baby dres','اطفال1.jpg',50,0,0,0),(48,'بدله رياضيه','SPORT SUIT','بدله رياضه.jpg',51,0,0,0),(49,'سجادة صلاة','mossala','سجاد صلاة.jpg',52,0,0,0),(50,'فستان اطفال','FOSTAN CHILD','فستان أطفال.jpg',16,0,0,0),(51,'فستان كريستال','FOSTAN CRESTAL','فستان عروسة.jpg',17,0,0,0),(52,'بدله رجاليه','MAN SWIT','بدلة.jpg',4,0,0,0),(53,'غترة','Ghotra','غترة.png',3,1,0,0),(54,'بدله باكستاني','BADLA BAKISTEN','Default Color.png',0,0,0,0),(55,'شورت','short','Default Color.png',0,0,0,0),(56,'جزمه','SHOZ','Default Color.png',0,0,0,0),(57,'مخده','mahda','Default Color.png',0,0,0,0),(63,'بطانيه  كبييير xl','patanal','Default Color.png',0,0,0,0),(64,'بلو فر ','polfar','Default Color.png',0,0,0,0),(65,'كاب','kap','Default Color.png',0,0,0,0),(66,'حقيبه','paag','Default Color.png',0,0,0,0),(67,'شرشف صلاة','Sharshf Salah','691b323e-88ea-4ebb-a498-d35959a7e544-thumbnail-770x770-70.jpg',0,0,0,0),(68,'حذاء اطفال','childrens shode','1207b0d5-1c6c-4592-a821-6c088d8aa34e.jpg',0,0,0,0),(69,'حذاء بسطار','bostar shose','e30a461d4fb864a1c86a950875a1e279.jpg',0,0,0,0),(70,'لباد','Bed felt','91665862-254c-4aad-8091-93e1966bba63.jpg',0,0,0,0),(71,'حقيبة كبيرة','حقيبة كبيرة','Default Color.png',0,0,0,0),(72,'كيس كنب','sofa ','Default Color.png',0,0,0,0);
/*!40000 ALTER TABLE `io_types` ENABLE KEYS */;
UNLOCK TABLES;

--
-- Table structure for table `io_types_operation`
--

DROP TABLE IF EXISTS `io_types_operation`;
/*!40101 SET @saved_cs_client     = @@character_set_client */;
/*!40101 SET character_set_client = utf8 */;
CREATE TABLE `io_types_operation` (
  `io_types_operation_id` int(11) NOT NULL AUTO_INCREMENT,
  `type_default_cost_for_cust` decimal(10,2) DEFAULT NULL,
  `type_default_cost_for_unit` decimal(10,2) DEFAULT NULL,
  `operation_id` int(11) DEFAULT NULL,
  `type_id` int(11) DEFAULT NULL,
  PRIMARY KEY (`io_types_operation_id`),
  UNIQUE KEY `operation_type` (`operation_id`,`type_id`),
  KEY `operation_forign_type_costs_idx` (`operation_id`),
  KEY `type_id_type_costs_idx` (`type_id`),
  CONSTRAINT `operation_forign_type_costs` FOREIGN KEY (`operation_id`) REFERENCES `io_operations` (`operation_id`) ON DELETE NO ACTION ON UPDATE NO ACTION,
  CONSTRAINT `type_id_type_costs` FOREIGN KEY (`type_id`) REFERENCES `io_types` (`type_id`) ON DELETE NO ACTION ON UPDATE NO ACTION
) ENGINE=InnoDB AUTO_INCREMENT=358 DEFAULT CHARSET=utf8 COMMENT='Cost for every type per operation';
/*!40101 SET character_set_client = @saved_cs_client */;

--
-- Dumping data for table `io_types_operation`
--

LOCK TABLES `io_types_operation` WRITE;
/*!40000 ALTER TABLE `io_types_operation` DISABLE KEYS */;
INSERT INTO `io_types_operation` VALUES (1,4.35,4.35,1,1),(2,2.00,2.00,4,1),(3,6.96,6.96,3,1),(4,6.00,6.00,1,3),(5,3.00,3.00,4,3),(6,8.00,8.00,3,3),(13,10.00,10.00,3,39),(15,8.00,8.00,4,5),(16,3.48,3.48,1,6),(17,2.00,2.00,4,6),(18,5.22,5.22,3,6),(22,3.00,3.00,1,7),(23,2.00,2.00,4,7),(24,5.00,5.00,3,7),(25,5.22,5.22,3,8),(26,3.48,3.48,1,8),(28,2.00,20.00,4,8),(31,4.00,4.00,1,9),(32,10.00,10.00,1,10),(33,5.00,5.00,4,10),(34,15.00,15.00,3,10),(35,3.00,2.00,1,11),(37,2.00,2.00,4,11),(38,5.00,5.00,3,11),(39,2.00,2.00,1,12),(40,1.00,0.50,4,12),(41,3.00,3.00,3,12),(42,1.74,1.74,3,13),(43,1.74,1.74,4,13),(44,1.74,1.74,1,13),(45,15.00,12.00,1,14),(46,8.00,8.00,4,14),(47,25.00,25.00,3,14),(48,70.00,65.00,1,15),(49,30.00,30.00,4,15),(50,100.00,90.00,3,15),(51,3.00,3.00,1,16),(52,2.00,2.00,4,16),(53,8.00,8.00,3,16),(54,8.00,8.00,3,17),(55,3.00,3.00,4,17),(56,5.00,5.00,1,17),(57,10.00,10.00,1,18),(59,13.00,13.00,3,18),(60,6.00,6.00,1,19),(61,4.00,4.00,4,19),(62,10.00,10.00,3,19),(63,6.00,6.00,1,20),(66,5.00,5.00,1,21),(67,3.00,3.00,4,21),(68,8.00,8.00,3,21),(69,3.00,3.00,1,22),(70,2.00,1.00,4,22),(71,5.00,5.00,3,22),(72,4.00,4.00,1,23),(73,2.00,1.50,4,23),(74,6.00,5.00,3,23),(75,2.00,2.00,3,24),(76,1.74,1.74,1,24),(77,1.74,1.74,4,24),(78,26.09,26.09,1,25),(80,40.00,40.00,3,25),(81,16.09,16.09,1,26),(83,25.00,25.00,3,26),(84,10.87,10.87,1,27),(86,15.00,15.00,3,27),(87,15.00,15.00,1,28),(88,20.00,20.00,3,28),(89,15.00,15.00,4,28),(90,2.00,2.00,1,29),(91,2.00,2.00,3,29),(92,2.00,2.00,4,29),(93,10.00,10.00,1,30),(94,5.00,5.00,4,30),(95,15.00,15.00,3,30),(96,8.00,8.00,1,31),(97,4.00,4.00,4,31),(98,12.00,12.00,3,31),(99,13.00,5.00,1,32),(100,10.00,3.00,4,32),(101,15.00,7.00,3,32),(102,8.00,3.00,1,33),(103,5.00,2.00,4,33),(104,10.00,4.00,3,33),(105,2.61,2.61,1,34),(106,1.00,1.00,4,34),(107,3.00,3.00,3,34),(108,4.00,4.00,1,35),(109,2.00,2.00,4,35),(110,5.00,5.00,3,35),(111,3.00,2.00,1,36),(114,2.00,2.00,4,9),(115,6.00,6.00,3,9),(117,3.00,3.00,5,6),(127,3.00,3.00,5,3),(130,3.00,3.00,5,7),(131,5.00,4.00,5,9),(132,3.00,3.00,5,11),(133,2.00,2.00,5,12),(134,25.00,20.00,5,14),(135,35.00,30.00,5,15),(136,2.00,2.00,5,16),(137,5.00,5.00,5,17),(138,5.00,5.00,5,18),(140,2.00,2.00,5,21),(141,15.00,15.00,5,28),(145,3.00,3.00,5,1),(146,2.00,2.00,1,44),(147,3.00,3.00,3,44),(148,1.00,1.00,4,44),(149,1.00,1.00,5,44),(150,1.00,1.00,1,42),(151,2.00,1.00,3,42),(152,1.00,1.00,4,42),(153,1.00,1.00,5,42),(154,1.00,1.00,1,43),(155,1.00,1.00,3,43),(156,0.00,0.00,4,43),(157,0.00,0.00,5,43),(159,6.00,6.00,1,41),(160,10.00,10.00,3,41),(161,4.00,4.00,4,41),(162,3.00,3.00,1,40),(163,4.00,4.00,3,40),(169,2.00,2.00,4,40),(170,2.00,2.00,5,40),(175,4.00,4.00,4,39),(176,5.00,5.00,5,39),(177,15.00,15.00,1,38),(178,25.00,25.00,3,38),(179,10.00,10.00,4,38),(180,12.00,12.00,5,38),(182,7.00,7.00,1,39),(183,3.00,3.00,5,8),(190,4.00,4.00,3,36),(191,2.00,2.00,4,36),(192,3.00,3.00,5,36),(197,5.00,5.00,1,2),(198,8.00,8.00,3,2),(199,3.00,3.00,4,2),(200,4.00,4.00,5,2),(212,10.00,10.00,3,20),(213,4.00,4.00,4,20),(219,6.00,6.00,5,20),(220,25.00,25.00,3,5),(222,10.00,10.00,5,5),(223,21.74,21.74,1,5),(225,20.00,20.00,1,45),(226,30.00,30.00,3,45),(228,4.00,4.00,5,19),(229,3.00,3.00,5,31),(231,5.00,5.00,1,46),(232,8.00,8.00,3,46),(233,2.00,2.00,4,46),(234,3.00,3.00,5,46),(235,2.00,2.00,1,47),(236,3.00,3.00,3,47),(237,1.00,1.00,4,47),(239,2.00,2.00,5,47),(240,6.00,6.00,1,48),(241,10.00,10.00,3,48),(242,4.00,4.00,4,48),(245,6.00,6.00,5,48),(248,0.00,0.00,4,49),(249,0.00,0.00,5,49),(251,5.00,5.00,1,49),(252,0.00,0.00,3,49),(253,5.00,5.00,4,18),(260,25.00,25.00,1,52),(261,40.00,40.00,3,52),(262,6.00,NULL,4,52),(263,8.00,NULL,5,52),(264,8.00,NULL,1,50),(265,10.00,NULL,3,50),(266,6.00,NULL,4,50),(267,7.00,7.00,5,50),(270,20.00,NULL,4,51),(271,25.00,25.00,5,51),(282,40.00,NULL,3,51),(284,30.00,30.00,1,51),(285,3.48,3.48,1,53),(286,5.22,5.22,3,53),(287,2.00,2.00,4,53),(288,3.00,3.00,5,53),(289,6.96,6.96,6,37),(290,4.00,4.00,1,54),(296,6.00,6.00,3,54),(297,3.00,3.00,4,54),(299,3.00,3.00,1,55),(300,4.00,4.00,3,55),(301,2.00,2.00,4,55),(302,15.65,15.65,6,56),(303,23.48,23.48,3,56),(304,10.00,10.00,1,57),(305,15.00,15.00,3,57),(316,1.00,1.00,6,12),(328,30.00,30.00,1,63),(329,5.00,5.00,1,64),(330,3.00,3.00,1,65),(331,8.00,8.00,3,64),(332,8.00,8.00,1,66),(333,12.00,12.00,3,66),(337,4.00,4.00,3,65),(338,0.00,0.00,1,67),(343,0.00,0.00,NULL,67),(344,0.00,0.00,NULL,67),(345,0.00,0.00,NULL,67),(346,0.00,0.00,NULL,67),(347,0.00,0.00,NULL,67),(348,0.00,0.00,NULL,67),(349,10.00,10.00,6,68),(351,20.00,20.00,6,69),(352,3.00,3.00,6,1),(353,25.00,25.00,3,69),(354,40.00,40.00,6,70),(355,12.00,12.00,6,71),(356,52.17,52.17,3,70),(357,3.00,3.00,1,72);
/*!40000 ALTER TABLE `io_types_operation` ENABLE KEYS */;
UNLOCK TABLES;

--
-- Table structure for table `io_users`
--

DROP TABLE IF EXISTS `io_users`;
/*!40101 SET @saved_cs_client     = @@character_set_client */;
/*!40101 SET character_set_client = utf8 */;
CREATE TABLE `io_users` (
  `username` varchar(50) NOT NULL,
  `password` varchar(100) DEFAULT NULL,
  `fullname` varchar(200) DEFAULT NULL,
  `user_mobile` int(11) DEFAULT NULL,
  `is_admin_user` tinyint(1) DEFAULT NULL,
  PRIMARY KEY (`username`)
) ENGINE=InnoDB DEFAULT CHARSET=utf8 COMMENT='loged users';
/*!40101 SET character_set_client = @saved_cs_client */;

--
-- Dumping data for table `io_users`
--

LOCK TABLES `io_users` WRITE;
/*!40000 ALTER TABLE `io_users` DISABLE KEYS */;
INSERT INTO `io_users` VALUES ('1','1','',NULL,0),('admin','Cotton1990','امجد98',NULL,1),('superAdmin','LearnTech',NULL,NULL,1);
/*!40000 ALTER TABLE `io_users` ENABLE KEYS */;
UNLOCK TABLES;

--
-- Table structure for table `io_users_roles`
--

DROP TABLE IF EXISTS `io_users_roles`;
/*!40101 SET @saved_cs_client     = @@character_set_client */;
/*!40101 SET character_set_client = utf8 */;
CREATE TABLE `io_users_roles` (
  `username` varchar(50) DEFAULT NULL,
  `role_id` bigint(20) DEFAULT NULL,
  `user_role_id` int(11) NOT NULL AUTO_INCREMENT,
  PRIMARY KEY (`user_role_id`),
  KEY `username_forign_idx` (`username`),
  KEY `role_id_forign_idx` (`role_id`),
  CONSTRAINT `role_id_forign` FOREIGN KEY (`role_id`) REFERENCES `io_roles` (`role_id`) ON DELETE NO ACTION ON UPDATE NO ACTION,
  CONSTRAINT `username_forign` FOREIGN KEY (`username`) REFERENCES `io_users` (`username`) ON DELETE CASCADE ON UPDATE NO ACTION
) ENGINE=InnoDB AUTO_INCREMENT=418 DEFAULT CHARSET=utf8 COMMENT='pridge table users privilegs';
/*!40101 SET character_set_client = @saved_cs_client */;

--
-- Dumping data for table `io_users_roles`
--

LOCK TABLES `io_users_roles` WRITE;
/*!40000 ALTER TABLE `io_users_roles` DISABLE KEYS */;
INSERT INTO `io_users_roles` VALUES ('1',9,396),('1',4,397),('1',25,398),('1',36,399),('1',42,400),('1',39,401),('1',1,402),('1',37,403),('1',30,404),('1',34,405),('1',2,406),('1',41,407),('1',27,408),('1',46,409),('1',38,410),('1',40,411),('1',26,412),('1',5,413),('1',3,414),('1',53,415),('1',17,416),('1',22,417);
/*!40000 ALTER TABLE `io_users_roles` ENABLE KEYS */;
UNLOCK TABLES;

--
-- Table structure for table `io_workers`
--

DROP TABLE IF EXISTS `io_workers`;
/*!40101 SET @saved_cs_client     = @@character_set_client */;
/*!40101 SET character_set_client = utf8 */;
CREATE TABLE `io_workers` (
  `worker_id` bigint(20) NOT NULL AUTO_INCREMENT,
  `worker_name` varchar(45) DEFAULT NULL,
  `worker_mobile` varchar(12) DEFAULT NULL,
  PRIMARY KEY (`worker_id`),
  UNIQUE KEY `worker_id_UNIQUE` (`worker_id`)
) ENGINE=InnoDB AUTO_INCREMENT=2 DEFAULT CHARSET=utf8;
/*!40101 SET character_set_client = @saved_cs_client */;

--
-- Dumping data for table `io_workers`
--

LOCK TABLES `io_workers` WRITE;
/*!40000 ALTER TABLE `io_workers` DISABLE KEYS */;
INSERT INTO `io_workers` VALUES (1,'يعقوب محمد عبد الله سعيد ','0550983530');
/*!40000 ALTER TABLE `io_workers` ENABLE KEYS */;
UNLOCK TABLES;

--
-- Table structure for table `laundry_info`
--

DROP TABLE IF EXISTS `laundry_info`;
/*!40101 SET @saved_cs_client     = @@character_set_client */;
/*!40101 SET character_set_client = utf8 */;
CREATE TABLE `laundry_info` (
  `laundry_info_id` int(11) NOT NULL AUTO_INCREMENT,
  `laundry_name` varchar(45) DEFAULT NULL,
  `laundry_slogan` varchar(60) DEFAULT NULL,
  `logo_image_data` longblob,
  `logo_image_type` varchar(100) DEFAULT NULL,
  `logo_image_name` varchar(255) DEFAULT NULL,
  `owner_name` varchar(100) DEFAULT NULL,
  `owner_mobile` varchar(45) DEFAULT NULL,
  `owner_email` varchar(500) DEFAULT NULL,
  `laundry_location` varchar(100) DEFAULT NULL,
  `owner_mobile_sms` varchar(255) DEFAULT NULL,
  `owner_mobile_password` varchar(255) DEFAULT NULL,
  `points_option` tinyint(1) DEFAULT NULL,
  `point_for_purchase` int(11) DEFAULT NULL,
  `polish_price` double DEFAULT NULL,
  `owner_mobile_laundry_name` varchar(45) DEFAULT NULL,
  `send_SMS_when_save_bill` tinyint(1) DEFAULT NULL,
  `send_SMS_when_cleaned` tinyint(1) DEFAULT NULL,
  `send_SMS_when_delivered` tinyint(1) DEFAULT NULL,
  `participate_with_dept` tinyint(1) DEFAULT NULL,
  `show_mail` tinyint(1) DEFAULT NULL,
  `show_mobile` tinyint(1) DEFAULT NULL,
  `bill_tips` varchar(2000) DEFAULT NULL,
  `send_SMS_by_company` int(11) DEFAULT NULL,
  `logo_width` int(11) DEFAULT '0',
  `logo_height` int(11) DEFAULT '0',
  `selected_items_pnl_min_width` int(11) DEFAULT '0',
  `selected_items_pnl_max_width` int(11) DEFAULT '0',
  `show_barcode` tinyint(1) DEFAULT NULL,
  `selected_pnl_columns_no` int(2) DEFAULT '2',
  `available_pnl_columns_no` int(2) DEFAULT '4',
  `laundry_code` varchar(45) DEFAULT NULL,
  `send_SMS_period_expired` tinyint(1) DEFAULT NULL,
  `expiration_period` int(11) DEFAULT '60',
  `printing_bills_no` int(11) DEFAULT '2',
  `value_added_tax` int(11) DEFAULT '0',
  `offer_mount` double DEFAULT '0',
  `start_Offer` date DEFAULT NULL,
  `end_offer` date DEFAULT NULL,
  `is_percent` tinyint(1) DEFAULT '1',
  `vat_Number` varchar(45) DEFAULT NULL,
  `is_allowed_whatsup` tinyint(1) DEFAULT '0',
  `customer_code` varchar(45) DEFAULT NULL,
  `is_pay_vat_for_customer` tinyint(1) DEFAULT '0',
  `is_deposit_activated` tinyint(1) NOT NULL DEFAULT '0',
  `non_delivered_report_days` int(11) NOT NULL DEFAULT '30',
  `currency` int(3) NOT NULL DEFAULT '1',
  `theme` varchar(45) NOT NULL DEFAULT 'sunny',
  `partship_type` int(2) NOT NULL DEFAULT '0',
  `activate_cust_type` tinyint(1) NOT NULL DEFAULT '0',
  `bill_type` int(3) NOT NULL DEFAULT '0',
  `send_sms_partship` tinyint(1) NOT NULL DEFAULT '0',
  `is_tax_included` tinyint(1) NOT NULL DEFAULT '0',
  `default_lang` varchar(45) DEFAULT 'en',
  `included_tax` double NOT NULL DEFAULT '21',
  `owmer_email_from` varchar(50) DEFAULT NULL,
  `owner_email_from_password` varchar(45) DEFAULT NULL,
  `cust_support_end` date DEFAULT NULL,
  `cust_work_date` date DEFAULT NULL,
  `pc_mac_id` varchar(45) DEFAULT NULL,
  `closure_hour` int(5) NOT NULL DEFAULT '5',
  `mandatory_mobile` tinyint(1) NOT NULL DEFAULT '0',
  `main_payment_method` int(5) NOT NULL DEFAULT '3',
  `load_all_bills` tinyint(1) NOT NULL DEFAULT '0',
  `show_reset_btn` tinyint(1) DEFAULT '0',
  `discount_before_tax` tinyint(1) DEFAULT '1',
  `render_delegate_field` tinyint(1) DEFAULT '1',
  `render_change_operations_field` tinyint(1) DEFAULT '1',
  `render_washer_no_field` tinyint(1) DEFAULT '1',
  `render_item_no_field` tinyint(1) DEFAULT '1',
  `render_belt_no` tinyint(1) DEFAULT '1',
  `render_adress_field` tinyint(1) DEFAULT '1',
  `render_worker_field` tinyint(1) DEFAULT '1',
  `show_qr_code` tinyint(1) DEFAULT '1',
  `last_update_date` datetime DEFAULT CURRENT_TIMESTAMP,
  `render_slogan` tinyint(1) DEFAULT '0',
  `designed_a4` tinyint(1) DEFAULT '0',
  `render_delete_btn` tinyint(1) DEFAULT '0',
  `search_by_name` tinyint(1) DEFAULT '0',
  `for_sa` tinyint(1) DEFAULT '1',
  `decimal_num` varchar(45) DEFAULT '#0.00',
  `enable_discount_by_pecenet` tinyint(1) DEFAULT '0',
  `mobile_max_length` int(11) DEFAULT '100',
  `send_SMS_duration` int(11) DEFAULT '0',
  `mobile_min_length` int(11) DEFAULT '0',
  `show_vat` tinyint(1) DEFAULT '0',
  `render_cost` tinyint(1) DEFAULT '0',
  `whatsapp_balance` int(10) NOT NULL DEFAULT '-1',
  `whatsapp_end_Date` date DEFAULT NULL,
  `whatsapp_end_text` varchar(150) DEFAULT NULL,
  `laundry_name_in_sms` tinyint(1) NOT NULL DEFAULT '0',
  `columnDataFont` varchar(45) DEFAULT '16px',
  `columnHeaderFont` varchar(45) DEFAULT '16px',
  `slogan` varchar(255) DEFAULT NULL,
  `slogan_en` varchar(255) DEFAULT NULL,
  `laundry_name_en` varchar(50) DEFAULT NULL,
  `social_media` varchar(200) DEFAULT NULL,
  `laundry_location_en` varchar(255) DEFAULT NULL,
  `barcodeAtTop` tinyint(1) DEFAULT '1',
  `render_pay` tinyint(1) DEFAULT '1',
  `render_user` tinyint(1) DEFAULT '1',
  `render_pay_bill` tinyint(1) DEFAULT NULL,
  `render_bill_discount` tinyint(1) DEFAULT '0',
  `render_pay_allCustomer_bills` tinyint(1) DEFAULT '1',
  `render_of_Mixed_Pay` tinyint(1) DEFAULT '0',
  `template_4jw` varchar(45) DEFAULT NULL,
  `name_space` varchar(255) DEFAULT NULL,
  `template_4jw_clean` varchar(255) DEFAULT NULL,
  `template_4jw_delivery` varchar(255) DEFAULT NULL,
  `bulkDiscount_percent` int(11) DEFAULT '0',
  `type_inv` varchar(45) DEFAULT NULL,
  `type_invoice` varchar(45) DEFAULT NULL,
  `allow_zatca` tinyint(1) DEFAULT '0',
  `build_number` int(11) DEFAULT NULL,
  `additional_number` int(11) DEFAULT NULL,
  `subdivision` varchar(255) DEFAULT NULL,
  `zip` int(11) DEFAULT NULL,
  `commercial_num` varchar(45) DEFAULT NULL,
  `branch_name` varchar(45) DEFAULT NULL,
  `city` varchar(255) DEFAULT NULL,
  `ICV` int(11) DEFAULT '0',
  `PIH` varchar(255) DEFAULT NULL,
  `start_zatca_date` date DEFAULT NULL,
  `ignore_delivery_parcode` tinyint(1) DEFAULT '0',
  `ignore_deliveryAndPay_parcode` tinyint(1) DEFAULT '0',
  `whatsapp_license_key` varchar(255) CHARACTER SET utf8mb4 COLLATE utf8mb4_unicode_ci DEFAULT NULL COMMENT 'مفتاح الترخيص لخدمة WhatsApp',
  `whatsapp_bill_template` longtext CHARACTER SET utf8mb4 COLLATE utf8mb4_unicode_ci COMMENT 'قالب رسالة إنشاء فاتورة جديدة',
  `whatsapp_cleaned_template` longtext CHARACTER SET utf8mb4 COLLATE utf8mb4_unicode_ci COMMENT 'قالب رسالة تم التنظيف',
  `whatsapp_delivered_template` longtext CHARACTER SET utf8mb4 COLLATE utf8mb4_unicode_ci COMMENT 'قالب رسالة تم التسليم',
  `template_mora` varchar(255) DEFAULT NULL COMMENT 'Template Name for MoraWhatsApp',
  `name_space_mora` varchar(255) DEFAULT NULL COMMENT 'template for MoraWhatsApp',
  `template_Cleaned_mora` varchar(255) DEFAULT NULL COMMENT 'template for MoraWhatsApp',
  `template_Delivered_mora` varchar(255) DEFAULT NULL COMMENT 'template for MoraWhatsApp',
  `whatsapp_new_partnership_template` text CHARACTER SET utf8mb4 COLLATE utf8mb4_unicode_ci,
  `whatsapp_renew_partnership_template` text CHARACTER SET utf8mb4 COLLATE utf8mb4_unicode_ci,
  `whatsapp_send_bill_text_only` tinyint(1) DEFAULT '0',
  `whatsapp_send_bill_pdf_only` tinyint(1) DEFAULT '0',
  `whatsapp_full_payment_template` text CHARACTER SET utf8mb4 COLLATE utf8mb4_unicode_ci COMMENT 'Template for full payment WhatsApp message',
  `whatsapp_partial_payment_template` text CHARACTER SET utf8mb4 COLLATE utf8mb4_unicode_ci COMMENT 'Template for partial payment WhatsApp message',
  `whatsapp_bulk_bill_template` text CHARACTER SET utf8mb4 COLLATE utf8mb4_unicode_ci COMMENT 'Template for bulk bill WhatsApp message',
  `whatsapp_send_full_payment` tinyint(1) DEFAULT '1' COMMENT 'إرسال رسالة عند دفع كامل (1=نعم, 0=لا)',
  `whatsapp_send_partial_payment` tinyint(1) DEFAULT '1' COMMENT 'إرسال رسالة عند دفع جزئي (1=نعم, 0=لا)',
  `whatsapp_send_bulk_bill` tinyint(1) DEFAULT '1' COMMENT 'إرسال رسالة عند دفع فاتورة مجمعة (1=نعم, 0=لا)',
  `new_report` tinyint(1) DEFAULT '0',
  `report_send_time` varchar(10) DEFAULT NULL,
  `report_emails` varchar(500) DEFAULT NULL,
  `barcode_auto_pay` tinyint(1) DEFAULT '0',
  `send_monthly_with_daily_email` tinyint(1) DEFAULT '0',
  `whatsapp_customer_partial_payment_template` text CHARACTER SET utf8mb4 COLLATE utf8mb4_unicode_ci COMMENT 'Template for customer partial payment distribution WhatsApp message',
  `exclude_paybill_partnership_paid` tinyint(1) DEFAULT '1' COMMENT 'Exclude fully paid partnership bills (payment_method=5) from PayBill searches',
  `hide_bill_prices_on_print` tinyint(1) NOT NULL DEFAULT '0' COMMENT '1 = print bills without prices or money totals (quantities only)',
  PRIMARY KEY (`laundry_info_id`)
) ENGINE=InnoDB AUTO_INCREMENT=3 DEFAULT CHARSET=utf8;
/*!40101 SET character_set_client = @saved_cs_client */;

--
-- Dumping data for table `laundry_info`
--

LOCK TABLES `laundry_info` WRITE;
/*!40000 ALTER TABLE `laundry_info` DISABLE KEYS */;
INSERT INTO `laundry_info` VALUES (2,'مغاسل القطن الأبيض','logo.png',NULL,NULL,NULL,'السادة مالكي مغاسل ألقطن الابيض','0558143839','Qw.303@hotmail.com','جازان شارع المطار','Whitecotton','5LI6E9D9-XcswD51Op5Y',0,10,5,'W-cotton',0,1,0,0,0,1,'المغسله غير مسؤولة عن الملابس بعد مرور اسبوعين عليها ولا يتم تسليم الملابس الا بالفاتورة **   المغسلة غير مسؤلة عن الاغراض الثمينة داخل الملابس وعليه نرجو التاكد من عدم وجود اغراض بداخلها *** وتلتزم المغسلة بتعويض اي قطعة تالفة بسبب الغسيل بخمسة اضعاف من قيمة غسيل القطعة\r\nلسنا الوحيدون ولكننا الافضل\r\n ',1,180,90,400,500,0,2,6,'',NULL,60,0,15,22,'2023-02-22','2023-02-23',1,'300010173700003',0,NULL,0,0,30,1,'sunny',0,0,0,1,1,'ar',21,'laundrysystem30@gmail.com','Aa12345678@','2027-05-11',NULL,'0026_B768_4C38_6335.',6,0,3,0,0,1,0,1,0,1,1,1,1,1,'2026-05-11 01:20:36',0,0,0,0,1,'#0.00',0,100,0,0,0,0,-1,NULL,'',0,'16px','16px','','',NULL,NULL,'',1,1,1,NULL,0,1,0,NULL,'',NULL,NULL,5,NULL,NULL,1,4444,5214,'3658',55555,'1010209987','Preferred Savings Establishment','Riyadh',0,NULL,NULL,0,0,NULL,NULL,NULL,NULL,NULL,NULL,NULL,NULL,NULL,NULL,0,0,NULL,NULL,NULL,1,1,1,0,'','',0,0,NULL,1,0);
/*!40000 ALTER TABLE `laundry_info` ENABLE KEYS */;
UNLOCK TABLES;

--
-- Table structure for table `learn_lech_phones`
--

DROP TABLE IF EXISTS `learn_lech_phones`;
/*!40101 SET @saved_cs_client     = @@character_set_client */;
/*!40101 SET character_set_client = utf8 */;
CREATE TABLE `learn_lech_phones` (
  `id` int(11) NOT NULL,
  `learn_tech_id` int(11) DEFAULT NULL,
  `phone` varchar(45) DEFAULT NULL,
  PRIMARY KEY (`id`),
  KEY `learn_tech_idx` (`learn_tech_id`),
  CONSTRAINT `learn_tech` FOREIGN KEY (`learn_tech_id`) REFERENCES `learn_tech` (`id`) ON DELETE CASCADE ON UPDATE NO ACTION
) ENGINE=InnoDB DEFAULT CHARSET=utf8;
/*!40101 SET character_set_client = @saved_cs_client */;

--
-- Dumping data for table `learn_lech_phones`
--

LOCK TABLES `learn_lech_phones` WRITE;
/*!40000 ALTER TABLE `learn_lech_phones` DISABLE KEYS */;
INSERT INTO `learn_lech_phones` VALUES (1,1,'0548930305'),(2,2,'0569941714'),(3,3,'0548147704'),(4,4,'0548671141');
/*!40000 ALTER TABLE `learn_lech_phones` ENABLE KEYS */;
UNLOCK TABLES;

--
-- Table structure for table `learn_tech`
--

DROP TABLE IF EXISTS `learn_tech`;
/*!40101 SET @saved_cs_client     = @@character_set_client */;
/*!40101 SET character_set_client = utf8 */;
CREATE TABLE `learn_tech` (
  `id` int(11) NOT NULL,
  `address` varchar(500) DEFAULT NULL,
  `city` varchar(45) DEFAULT NULL,
  PRIMARY KEY (`id`)
) ENGINE=InnoDB DEFAULT CHARSET=utf8;
/*!40101 SET character_set_client = @saved_cs_client */;

--
-- Dumping data for table `learn_tech`
--

LOCK TABLES `learn_tech` WRITE;
/*!40000 ALTER TABLE `learn_tech` DISABLE KEYS */;
INSERT INTO `learn_tech` VALUES (1,'شارع العليا العام-عمارة الصالون الاخضر-مكتب ٤١١','الرياض'),(2,'شارع خالد بن الوليد بجوار محطة وقود الدريس','جدة'),(3,'الدمام-حي الاسكان شارع الامير محمد بن فهد- بجوار مطعم الساحل الشرقي -الطابق الثالث مكتب رقم ٨','الشرقية'),(4,' بريدة - حي الصفراء شارع الملك عبدالله - أمام إمارة منطقة القصيم -  الطابق الاول مكتب رقم ١','القصيم');
/*!40000 ALTER TABLE `learn_tech` ENABLE KEYS */;
UNLOCK TABLES;

--
-- Table structure for table `sms_message_templates`
--

DROP TABLE IF EXISTS `sms_message_templates`;
/*!40101 SET @saved_cs_client     = @@character_set_client */;
/*!40101 SET character_set_client = utf8 */;
CREATE TABLE `sms_message_templates` (
  `message_id` int(11) NOT NULL AUTO_INCREMENT,
  `message_template` varchar(400) DEFAULT NULL,
  PRIMARY KEY (`message_id`)
) ENGINE=InnoDB AUTO_INCREMENT=9 DEFAULT CHARSET=utf8;
/*!40101 SET character_set_client = @saved_cs_client */;

--
-- Dumping data for table `sms_message_templates`
--

LOCK TABLES `sms_message_templates` WRITE;
/*!40000 ALTER TABLE `sms_message_templates` DISABLE KEYS */;
INSERT INTO `sms_message_templates` VALUES (2,'ملابسكم جاهزه للاستلام لبس العافيه'),(5,'البطانية جاهزة للاستلام نوم العافية'),(6,'لا تضيع الفرصة اغسل 3 أحذية والرابع علينا مغاسل القطن الابيض \" العرض لفترة محدودة \"'),(7,'غسيل حذائك يبدأ بـ5.75 ريال مع مغاسل القطن الابيض  فرع المطار : https://m-r.pw/rFdb فرع الشاطئ : https://m-r.pw/LwZP'),(8,'تخفيضات على غسيل البطانيات بمناسبة يوم التأسيس فرع المطار : https://m-r.pw/rFdb فرع الشاطئ : https://m-r.pw/LwZP');
/*!40000 ALTER TABLE `sms_message_templates` ENABLE KEYS */;
UNLOCK TABLES;

--
-- Table structure for table `type_images`
--

DROP TABLE IF EXISTS `type_images`;
/*!40101 SET @saved_cs_client     = @@character_set_client */;
/*!40101 SET character_set_client = utf8 */;
CREATE TABLE `type_images` (
  `image_id` int(11) NOT NULL AUTO_INCREMENT,
  `type_id` int(11) NOT NULL,
  `image_data` mediumblob NOT NULL,
  `image_type` varchar(100) NOT NULL,
  `image_name` varchar(255) NOT NULL,
  `created_date` datetime DEFAULT CURRENT_TIMESTAMP,
  `updated_date` datetime DEFAULT CURRENT_TIMESTAMP ON UPDATE CURRENT_TIMESTAMP,
  PRIMARY KEY (`image_id`),
  UNIQUE KEY `uq_type_images_type` (`type_id`),
  KEY `idx_type_images_type` (`type_id`),
  CONSTRAINT `fk_type_images_type` FOREIGN KEY (`type_id`) REFERENCES `io_types` (`type_id`) ON DELETE CASCADE ON UPDATE NO ACTION
) ENGINE=InnoDB DEFAULT CHARSET=utf8;
/*!40101 SET character_set_client = @saved_cs_client */;

--
-- Dumping data for table `type_images`
--

LOCK TABLES `type_images` WRITE;
/*!40000 ALTER TABLE `type_images` DISABLE KEYS */;
/*!40000 ALTER TABLE `type_images` ENABLE KEYS */;
UNLOCK TABLES;
/*!40103 SET TIME_ZONE=@OLD_TIME_ZONE */;

/*!40101 SET SQL_MODE=@OLD_SQL_MODE */;
/*!40014 SET FOREIGN_KEY_CHECKS=@OLD_FOREIGN_KEY_CHECKS */;
/*!40014 SET UNIQUE_CHECKS=@OLD_UNIQUE_CHECKS */;
/*!40101 SET CHARACTER_SET_CLIENT=@OLD_CHARACTER_SET_CLIENT */;
/*!40101 SET CHARACTER_SET_RESULTS=@OLD_CHARACTER_SET_RESULTS */;
/*!40101 SET COLLATION_CONNECTION=@OLD_COLLATION_CONNECTION */;
/*!40111 SET SQL_NOTES=@OLD_SQL_NOTES */;

-- Dump completed on 2026-06-23 18:07:36
